ID,nest,year,firstFound,lastPresent,lastChecked,fate,ageDay1,site,rat5,rat6,rat7,rat8,rat9,rat10,mouse5,mouse6,mouse7,mouse8,mouse9,mouse10,habitat,orientation,proximate_village,elevation,nest_width,nest_height,nest_lenght,chamber,substrate,walls,vegetation_cover,curved_entrance,predated,predator
1,ribeira,2010,3,6,7,1,-2,Pico João de Moura,0,0.45,0.5,0.65,0.5,0.65,0.15,0.9,0.5,0.35,0.5,0.25,riverbank with trees,NE,3700,184,72,19,90,yes,rock,no,30,0,1,rat
2,95b,2010,3,9,10,1,-2,Cancela do Pico,0,0.05,0.25,0.15,0.25,0.5,0.3,1,0.15,0.5,0.2,0.25,grazing land,NE,3800,233,30,13,30,yes,soil,no,40,0,1,cat
3,95a,2010,3,10,11,1,-2,Cancela do Pico,0,0.05,0.25,0.15,0.25,0.5,0.3,1,0.15,0.5,0.2,0.25,grazing land,NE,3800,233,27,20,84,yes,soil,yes,40,0,1,cat
4,80b,2010,2,10,11,1,-1,Fajã Rochosa,0,0,0.15,0,0.15,0.2,0.2,0.25,0,0.25,0,0.3,coast with rocks,SE,590,5,57,52,110,yes,rock,no,0,0,1,cat
5,80a,2010,2,21,21,0,-1,Fajã Rochosa,0,0,0.15,0,0.15,0.2,0.2,0.25,0,0.25,0,0.3,coast with rocks,SE,590,5,26,75,114,yes,rock,no,0,0,0,unpred
6,62B,2010,2,11,12,1,-1,Pão de Açúcar,0.05,0.2,0.4,0.35,0.4,0.4,0.15,0.8,0.4,0.7,0.4,0.25,semi-natural grassland,SW,500,187,30,16,124,yes,soil,no,30,0,1,cat
7,62A,2010,2,9,10,1,-1,Pão de Açúcar,0.05,0.2,0.4,0.35,0.4,0.4,0.15,0.8,0.4,0.7,0.4,0.25,semi-natural grassland,SW,500,187,74,19,148,yes,soil,no,30,0,1,cat
8,22b,2010,2,21,21,0,-1,Pão de Açúcar,0.05,0.2,0.4,0.35,0.4,0.4,0.15,0.8,0.4,0.7,0.4,0.25,semi-natural grassland,SW,500,187,39,25,68,yes,soil,yes,40,0,0,unpred
9,215B,2010,1,9,10,1,0,Fajã Rochosa,0,0,0.15,0,0.15,0.2,0.2,0.25,0,0.25,0,0.3,coast with rocks,SE,590,14,52,32,133,yes,rock,no,0,0,1,cat
10,16b,2010,3,11,12,1,-2,Fonte Velha,0,0,0.3,0.1,0.3,0.15,0.05,0.45,0.3,0.95,0.3,0.95,semi-natural grassland,S,200,176,61,41,150,yes,soil,no,40,1,1,cat
11,16a,2010,2,12,13,1,-1,Fonte Velha,0,0,0.3,0.1,0.3,0.15,0.05,0.45,0.3,0.95,0.3,0.95,semi-natural grassland,S,200,173,75,33,142,yes,soil,no,40,1,0,unpred
12,15F,2010,3,3,4,1,-2,Fajã Rochosa,0,0,0.15,0,0.15,0.2,0.2,0.25,0,0.25,0,0.3,coast with rocks,SE,590,1,30,14,130,yes,rock,no,0,0,1,cat
13,156e,2010,3,10,11,1,-2,Fonte Velha,0,0,0.3,0.1,0.3,0.15,0.05,0.45,0.3,0.95,0.3,0.95,semi-natural grassland,S,200,179,78,53,110,yes,soil,no,40,1,1,rat
14,156d,2010,3,10,11,1,-2,Fonte Velha,0,0,0.3,0.1,0.3,0.15,0.05,0.45,0.3,0.95,0.3,0.95,semi-natural grassland,S,200,179,143,124,330,yes,rock,no,40,1,1,cat
15,156c,2010,2,4,5,1,-1,Fonte Velha,0,0,0.3,0.1,0.3,0.15,0.05,0.45,0.3,0.95,0.3,0.95,semi-natural grassland,S,200,179,68,58,140,yes,rock,no,40,1,1,rat
16,133b,2010,3,12,13,1,-2,Pico João de Moura,0,0.45,0.5,0.65,0.5,0.65,0.15,0.9,0.5,0.35,0.5,0.25,riverbank with trees,NE,3700,176,47,18,80,yes,soil,no,30,0,0,unpred
17,12b,2010,2,21,21,0,-1,Fajã Rochosa,0,0,0.15,0,0.15,0.2,0.2,0.25,0,0.25,0,0.3,coast with rocks,SE,590,5,110.5,36.5,128,yes,rock,no,0,0,0,unpred
18,12a,2010,3,21,21,0,-2,Fajã Rochosa,0,0,0.15,0,0.15,0.2,0.2,0.25,0,0.25,0,0.3,coast with rocks,SE,590,5,110.5,36.5,110,yes,rock,no,0,0,0,unpred
19,124F,2010,2,21,21,0,-1,Fajã Rochosa,0,0,0.15,0,0.15,0.2,0.2,0.25,0,0.25,0,0.3,coast with rocks,SE,590,8,23.5,39,70,yes,rock,no,0,0,0,unpred
20,10a,2010,2,21,21,0,-1,Fonte Velha,0,0,0.3,0.1,0.3,0.15,0.05,0.45,0.3,0.95,0.3,0.95,semi-natural grassland,S,200,165,66,37,165,yes,soil,no,80,0,0,unpred
21,1011,2010,3,21,21,0,-2,Cancela do Pico,0,0.05,0.25,0.15,0.25,0.5,0.3,1,0.15,0.5,0.2,0.25,grazing land,NE,3800,222,65,40,120,yes,soil,yes,40,0,0,unpred
22,1010,2010,3,21,21,0,-2,Cancela do Pico,0,0.05,0.25,0.15,0.25,0.5,0.3,1,0.15,0.5,0.2,0.25,grazing land,NE,3800,221,11,26,56,yes,soil,yes,40,1,0,unpred
23,1009,2010,3,10,11,1,-2,Pão de Açúcar,0.05,0.2,0.4,0.35,0.4,0.4,0.15,0.8,0.4,0.7,0.4,0.25,semi-natural grassland,SW,500,160,16,15,66,no,soil,no,60,1,1,cat
24,1008,2010,3,21,21,0,-2,Fajã Rochosa,0,0,0.15,0,0.15,0.2,0.2,0.25,0,0.25,0,0.3,coast with rocks,SE,590,19,32,56,115,yes,rock,no,0,0,0,unpred
25,1007,2010,2,21,21,0,-1,Fajã Rochosa,0,0,0.15,0,0.15,0.2,0.2,0.25,0,0.25,0,0.3,coast with rocks,SE,590,13,26,18,64,yes,rock,no,0,0,0,unpred
26,1006,2010,1,21,21,0,0,Fajã Rochosa,0,0,0.15,0,0.15,0.2,0.2,0.25,0,0.25,0,0.3,coast with rocks,SE,590,19,47,16,100,yes,rock,no,0,0,0,unpred
27,1004,2010,3,10,11,1,-2,Pico João de Moura,0,0.45,0.5,0.65,0.5,0.65,0.15,0.9,0.5,0.35,0.5,0.25,riverbank with trees,NE,3700,176,80,21,62,yes,soil,no,30,0,1,cat
28,1003,2010,3,13,14,1,-2,Pico João de Moura,0,0.45,0.5,0.65,0.5,0.65,0.15,0.9,0.5,0.35,0.5,0.25,riverbank with trees,NE,3700,167,39,55,150,yes,rock,no,80,0,1,cat
29,1002,2010,3,21,21,0,-2,Pico João de Moura,0,0.45,0.5,0.65,0.5,0.65,0.15,0.9,0.5,0.35,0.5,0.25,riverbank with trees,NE,3700,161,51,17,60,yes,soil,no,30,0,0,unpred
30,1001,2010,2,12,13,1,-1,Pão de Açúcar,0.05,0.2,0.4,0.35,0.4,0.4,0.15,0.8,0.4,0.7,0.4,0.25,semi-natural grassland,SW,500,174,29,13,25,no,soil,no,20,0,0,unpred
31,831,2010,1,10,11,1,0,Fajã Rochosa,0,0,0.15,0,0.15,0.2,0.2,0.25,0,0.25,0,0.3,coast with rocks,SE,590,17,60,32,30,yes,rock,no,0,0,1,cat
32,830,2010,2,9,10,1,-1,Fajã Rochosa,0,0,0.15,0,0.15,0.2,0.2,0.25,0,0.25,0,0.3,coast with rocks,SE,590,18,20,12.5,48,yes,rock,no,0,0,1,cat
33,829,2010,2,11,12,1,-1,Fajã Rochosa,0,0,0.15,0,0.15,0.2,0.2,0.25,0,0.25,0,0.3,coast with rocks,SE,590,18,32,56,94.5,yes,rock,no,0,0,1,cat
34,828,2010,2,21,21,0,-1,Fajã Rochosa,0,0,0.15,0,0.15,0.2,0.2,0.25,0,0.25,0,0.3,coast with rocks,SE,590,18,36,26,50,yes,rock,no,0,0,0,unpred
35,827,2010,3,13,14,1,-2,Fajã Rochosa,0,0,0.15,0,0.15,0.2,0.2,0.25,0,0.25,0,0.3,coast with rocks,SE,590,5,55.5,64,105,yes,rock,no,0,0,1,cat
36,826,2010,2,13,14,1,-1,Fajã Rochosa,0,0,0.15,0,0.15,0.2,0.2,0.25,0,0.25,0,0.3,coast with rocks,SE,590,9,32,25,48,yes,rock,no,0,0,1,cat
37,825,2010,3,9,10,1,-2,Fajã Rochosa,0,0,0.15,0,0.15,0.2,0.2,0.25,0,0.25,0,0.3,coast with rocks,SE,590,5,80,11,140,yes,rock,no,0,0,1,cat
38,824,2010,2,2,3,1,-1,Fajã Rochosa,0,0,0.15,0,0.15,0.2,0.2,0.25,0,0.25,0,0.3,coast with rocks,SE,590,9,85,34,134,yes,rock,no,0,0,1,cat
39,821,2010,2,21,21,0,-1,Fajã Rochosa,0,0,0.15,0,0.15,0.2,0.2,0.25,0,0.25,0,0.3,coast with rocks,SE,590,5,88,71,121,yes,rock,no,0,0,0,unpred
40,819,2010,1,12,13,1,0,Fajã Rochosa,0,0,0.15,0,0.15,0.2,0.2,0.25,0,0.25,0,0.3,coast with rocks,SE,590,5,48,27,46,yes,rock,no,0,0,0,unpred
41,817,2010,2,10,11,1,-1,Fajã Rochosa,0,0,0.15,0,0.15,0.2,0.2,0.25,0,0.25,0,0.3,coast with rocks,SE,590,1,45,44,126,yes,rock,no,0,0,1,cat
42,811,2010,3,12,13,1,-2,Fajã Rochosa,0,0,0.15,0,0.15,0.2,0.2,0.25,0,0.25,0,0.3,coast with rocks,SE,590,5,26,36,140,yes,rock,no,0,0,1,cat
43,810,2010,3,6,7,1,-2,Fajã Rochosa,0,0,0.15,0,0.15,0.2,0.2,0.25,0,0.25,0,0.3,coast with rocks,SE,590,8,29,30,157,yes,rock,no,0,0,1,rat
44,808,2010,2,11,12,1,-1,Fajã Rochosa,0,0,0.15,0,0.15,0.2,0.2,0.25,0,0.25,0,0.3,coast with rocks,SE,590,12,42,38,124,yes,rock,no,0,0,1,cat
45,805,2010,1,21,21,0,0,Fajã Rochosa,0,0,0.15,0,0.15,0.2,0.2,0.25,0,0.25,0,0.3,coast with rocks,SE,590,32,26.5,24,43,yes,rock,no,0,0,0,unpred
46,804,2010,2,21,21,0,-1,Fajã Rochosa,0,0,0.15,0,0.15,0.2,0.2,0.25,0,0.25,0,0.3,coast with rocks,SE,590,10,41.5,12,42,yes,rock,no,0,0,0,unpred
47,803,2010,3,10,11,1,-2,Fajã Rochosa,0,0,0.15,0,0.15,0.2,0.2,0.25,0,0.25,0,0.3,coast with rocks,SE,590,1,21,34,36,yes,rock,no,0,0,1,cat
48,802,2010,3,21,21,0,-2,Fajã Rochosa,0,0,0.15,0,0.15,0.2,0.2,0.25,0,0.25,0,0.3,coast with rocks,SE,590,12,73,47,136,yes,rock,no,0,0,0,unpred
49,801,2010,2,12,13,1,-1,Fajã Rochosa,0,0,0.15,0,0.15,0.2,0.2,0.25,0,0.25,0,0.3,coast with rocks,SE,590,9,35,103,115,yes,rock,no,0,0,0,unpred
50,222,2010,2,10,11,1,-1,Pico João de Moura,0,0.45,0.5,0.65,0.5,0.65,0.15,0.9,0.5,0.35,0.5,0.25,riverbank with trees,NE,3705,200,156,43,100,yes,soil,no,30,0,1,cat
51,220,2010,3,12,13,1,-2,Pico João de Moura,0,0.45,0.5,0.65,0.5,0.65,0.15,0.9,0.5,0.35,0.5,0.25,riverbank with trees,NE,3701,175,37,30,65,yes,soil,no,70,0,1,cat
52,219,2010,2,21,21,0,-1,Fonte Velha,0,0,0.3,0.1,0.3,0.15,0.05,0.45,0.3,0.95,0.3,0.95,semi-natural grassland,S,200,145,35,15,100,yes,soil,no,40,1,0,unpred
53,218,2010,2,21,21,0,-1,Fonte Velha,0,0,0.3,0.1,0.3,0.15,0.05,0.45,0.3,0.95,0.3,0.95,semi-natural grassland,S,200,176,37,77,90,yes,soil,no,40,0,0,unpred
54,216,2010,2,21,21,0,-1,Pão de Açúcar,0.05,0.2,0.4,0.35,0.4,0.4,0.15,0.8,0.4,0.7,0.4,0.25,semi-natural grassland,SW,500,141,64,13,83,yes,soil,no,80,0,0,unpred
55,215,2010,3,6,7,1,-2,Fajã Rochosa,0,0,0.15,0,0.15,0.2,0.2,0.25,0,0.25,0,0.3,coast with rocks,SE,590,9,13.5,17,115,yes,rock,no,0,0,1,rat
56,214,2010,2,16,17,1,-1,Fajã Rochosa,0,0,0.15,0,0.15,0.2,0.2,0.25,0,0.25,0,0.3,coast with rocks,SE,590,6,37.5,23,77,yes,soil,no,0,0,1,cat
57,211,2010,3,21,21,0,-2,Miradouro do Portal,0.05,0.05,0.2,0.15,0.2,0.4,0.3,0.3,0.25,0.75,0.25,0.4,Arundo donax,S,180,126,59,15,60,yes,soil,no,60,0,0,unpred
58,209,2010,3,8,9,1,-2,Miradouro do Portal,0.05,0.05,0.2,0.15,0.2,0.4,0.3,0.3,0.25,0.75,0.25,0.4,Arundo donax,S,180,127,35,39,100,no,soil,no,50,0,1,cat
59,208,2010,2,8,9,1,-1,Pico João de Moura,0,0.45,0.5,0.65,0.5,0.65,0.15,0.9,0.5,0.35,0.5,0.25,riverbank with trees,NE,3711,183,31,21,95,yes,soil,yes,20,0,1,cat
60,207,2010,3,21,21,0,-2,Pico João de Moura,0,0.45,0.5,0.65,0.5,0.65,0.15,0.9,0.5,0.35,0.5,0.25,riverbank with trees,NE,3708,173,50,18,60,yes,soil,yes,60,0,0,unpred
61,206,2010,2,5,6,1,-1,Pico João de Moura,0,0.45,0.5,0.65,0.5,0.65,0.15,0.9,0.5,0.35,0.5,0.25,riverbank with trees,NE,3705,186,78,17,57,yes,soil,yes,30,0,1,rat
62,204,2010,2,12,13,1,-1,Pico João de Moura,0,0.45,0.5,0.65,0.5,0.65,0.15,0.9,0.5,0.35,0.5,0.25,riverbank with trees,NE,3702,170,62,31,100,yes,soil,yes,30,0,1,cat
63,202,2010,2,21,21,0,-1,Pão de Açúcar,0.05,0.2,0.4,0.35,0.4,0.4,0.15,0.8,0.4,0.7,0.4,0.25,semi-natural grassland,SW,500,158,35,29,49,yes,soil,no,50,0,0,unpred
64,199,2010,3,16,17,1,-2,Pão de Açúcar,0.05,0.2,0.4,0.35,0.4,0.4,0.15,0.8,0.4,0.7,0.4,0.25,semi-natural grassland,SW,500,223,43,24,85,no,soil,yes,30,0,1,cat
65,178,2010,3,21,21,0,-2,Fajã Rochosa,0,0,0.15,0,0.15,0.2,0.2,0.25,0,0.25,0,0.3,coast with rocks,SE,590,9,96,28,90,yes,rock,no,0,1,0,unpred
66,176,2010,1,9,10,1,0,Fajã Rochosa,0,0,0.15,0,0.15,0.2,0.2,0.25,0,0.25,0,0.3,coast with rocks,SE,590,16,51,37,100,yes,rock,no,0,1,0,unpred
67,171,2010,2,21,21,0,-1,Fajã Rochosa,0,0,0.15,0,0.15,0.2,0.2,0.25,0,0.25,0,0.3,coast with rocks,SE,590,9,51,14,86,yes,soil,no,0,0,0,unpred
68,155,2010,2,4,5,1,-1,Fonte Velha,0,0,0.3,0.1,0.3,0.15,0.05,0.45,0.3,0.95,0.3,0.95,semi-natural grassland,S,200,188,120,71,184,yes,soil,no,40,1,1,rat
69,154,2010,3,10,11,1,-2,Fonte Velha,0,0,0.3,0.1,0.3,0.15,0.05,0.45,0.3,0.95,0.3,0.95,semi-natural grassland,S,200,177,38,19,100,yes,soil,yes,40,0,1,cat
70,153,2010,1,11,12,1,0,Fonte Velha,0,0,0.3,0.1,0.3,0.15,0.05,0.45,0.3,0.95,0.3,0.95,semi-natural grassland,S,200,175,97,28,95,yes,soil,no,40,0,1,cat
71,144,2010,3,6,7,1,-2,Pico João de Moura,0,0.45,0.5,0.65,0.5,0.65,0.15,0.9,0.5,0.35,0.5,0.25,riverbank with trees,NE,3700,180,17,11,10,no,soil,yes,80,0,1,rat
72,143,2010,2,21,21,0,-1,Pico João de Moura,0,0.45,0.5,0.65,0.5,0.65,0.15,0.9,0.5,0.35,0.5,0.25,riverbank with trees,NE,3700,188,50,24,120,yes,soil,yes,50,0,0,unpred
73,141,2010,3,12,13,1,-2,Pico João de Moura,0,0.45,0.5,0.65,0.5,0.65,0.15,0.9,0.5,0.35,0.5,0.25,riverbank with trees,NE,3700,181,18,19,100,yes,soil,no,60,0,1,cat
74,140,2010,3,21,21,0,-2,Pico João de Moura,0,0.45,0.5,0.65,0.5,0.65,0.15,0.9,0.5,0.35,0.5,0.25,riverbank with trees,NE,3700,175,52,36,100,yes,soil,no,70,0,0,unpred
75,139,2010,3,17,18,1,-2,Pico João de Moura,0,0.45,0.5,0.65,0.5,0.65,0.15,0.9,0.5,0.35,0.5,0.25,riverbank with trees,NE,3700,173,21,33,40,yes,soil,yes,80,1,1,rat
76,138,2010,2,12,13,1,-1,Pico João de Moura,0,0.45,0.5,0.65,0.5,0.65,0.15,0.9,0.5,0.35,0.5,0.25,riverbank with trees,NE,3700,166,35,22,68,yes,soil,yes,80,0,0,unpred
77,137,2010,3,8,9,1,-2,Pico João de Moura,0,0.45,0.5,0.65,0.5,0.65,0.15,0.9,0.5,0.35,0.5,0.25,riverbank with trees,NE,3700,176,25,36,78,yes,soil,yes,80,0,1,cat
78,136,2010,3,10,11,1,-2,Pico João de Moura,0,0.45,0.5,0.65,0.5,0.65,0.15,0.9,0.5,0.35,0.5,0.25,riverbank with trees,NE,3700,186,56,29,72,yes,soil,no,20,0,1,cat
79,135,2010,3,21,21,0,-2,Pico João de Moura,0,0.45,0.5,0.65,0.5,0.65,0.15,0.9,0.5,0.35,0.5,0.25,riverbank with trees,NE,3700,176,109,45,145,yes,soil,no,20,0,0,unpred
80,134,2010,3,4,5,1,-2,Pico João de Moura,0,0.45,0.5,0.65,0.5,0.65,0.15,0.9,0.5,0.35,0.5,0.25,riverbank with trees,NE,3700,175,23,14,120,no,soil,no,30,0,1,rat
81,133,2010,2,21,21,0,-1,Pico João de Moura,0,0.45,0.5,0.65,0.5,0.65,0.15,0.9,0.5,0.35,0.5,0.25,riverbank with trees,NE,3700,181,110,26,120,yes,soil,no,30,0,0,unpred
82,132,2010,2,21,21,0,-1,Pico João de Moura,0,0.45,0.5,0.65,0.5,0.65,0.15,0.9,0.5,0.35,0.5,0.25,riverbank with trees,NE,3700,174,76,23,93,yes,soil,no,30,1,0,unpred
83,130,2010,3,21,21,0,-2,Pico João de Moura,0,0.45,0.5,0.65,0.5,0.65,0.15,0.9,0.5,0.35,0.5,0.25,riverbank with trees,NE,3700,151,51,38,125,yes,soil,no,40,0,0,unpred
84,124,2010,1,21,21,0,0,Miradouro do Portal,0.05,0.05,0.2,0.15,0.2,0.4,0.3,0.3,0.25,0.75,0.25,0.4,Arundo donax,S,180,129,49,14,50,yes,soil,no,60,0,0,unpred
84,95a,2011,4,21,21,0,-18,Cancela do Pico,0.3,0.45,0.45,0.25,0.3,0.4,0.1,0.3,0.15,0.2,0.3,0.75,grazing land,NE,3800,233,27,20,84,yes,soil,yes,40,0,0,unpred
85,123,2010,3,21,21,0,-2,Miradouro do Portal,0.05,0.05,0.2,0.15,0.2,0.4,0.3,0.3,0.25,0.75,0.25,0.4,Arundo donax,S,180,128,35,24,40,yes,soil,no,20,0,0,unpred
85,1011,2011,3,12,13,1,-12,Cancela do Pico,0.3,0.45,0.45,0.25,0.3,0.4,0.1,0.3,0.15,0.2,0.3,0.75,grazing land,NE,3800,222,65,40,120,yes,soil,yes,40,0,1,cat
86,122,2010,3,13,14,1,-2,Miradouro do Portal,0.05,0.05,0.2,0.15,0.2,0.4,0.3,0.3,0.25,0.75,0.25,0.4,Arundo donax,S,180,128,38,13,54,yes,soil,no,20,0,0,unpred
86,1010,2011,2,14,15,1,-5,Cancela do Pico,0.3,0.45,0.45,0.25,0.3,0.4,0.1,0.3,0.15,0.2,0.3,0.75,grazing land,NE,3800,221,11,26,56,yes,soil,yes,40,1,0,unpred
87,99,2011,2,21,21,0,-5,Cancela do Pico,0.3,0.45,0.45,0.25,0.3,0.4,0.1,0.3,0.15,0.2,0.3,0.75,grazing land,NE,3800,243,24,20,90,yes,soil,yes,40,1,1,cat
87,120,2010,3,21,21,0,-2,Miradouro do Portal,0.05,0.05,0.2,0.15,0.2,0.4,0.3,0.3,0.25,0.75,0.25,0.4,Arundo donax,S,180,141,68,27,86,yes,soil,no,60,0,0,unpred
88,98,2011,1,8,9,1,0,Cancela do Pico,0.3,0.45,0.45,0.25,0.3,0.4,0.1,0.3,0.15,0.2,0.3,0.75,grazing land,NE,3800,234,33,23,50,yes,soil,yes,100,0,1,cat
88,119,2010,3,13,14,1,-2,Fajã Rochosa,0,0,0.15,0,0.15,0.2,0.2,0.25,0,0.25,0,0.3,coast with rocks,SE,590,5,24,24,74,yes,rock,no,0,0,1,cat
89,97,2011,3,17,18,1,-12,Cancela do Pico,0.3,0.45,0.45,0.25,0.3,0.4,0.1,0.3,0.15,0.2,0.3,0.75,grazing land,NE,3800,244,37,27,1,yes,soil,no,80,0,0,unpred
89,116,2010,2,21,21,0,-1,Miradouro do Portal,0.05,0.05,0.2,0.15,0.2,0.4,0.3,0.3,0.25,0.75,0.25,0.4,Arundo donax,S,180,138,46,93,116,yes,soil,no,70,0,0,unpred
90,30,2011,2,11,12,1,-5,Cancela do Pico,0.3,0.45,0.45,0.25,0.3,0.4,0.1,0.3,0.15,0.2,0.3,0.75,grazing land,NE,3800,233,28,13,40,yes,soil,no,90,0,1,cat
90,115,2010,2,21,21,0,-1,Miradouro do Portal,0.05,0.05,0.2,0.15,0.2,0.4,0.3,0.3,0.25,0.75,0.25,0.4,Arundo donax,S,180,136,48,23,90,no,soil,no,60,1,0,unpred
91,29,2011,3,21,21,0,-12,Cancela do Pico,0.3,0.45,0.45,0.25,0.3,0.4,0.1,0.3,0.15,0.2,0.3,0.75,grazing land,NE,3800,231,60,10,120,yes,soil,no,80,0,1,cat
91,113,2010,3,21,21,0,-2,Miradouro do Portal,0.05,0.05,0.2,0.15,0.2,0.4,0.3,0.3,0.25,0.75,0.25,0.4,Arundo donax,S,180,129,35,13,55,no,soil,no,80,0,0,unpred
92,28,2011,3,17,18,1,-12,Cancela do Pico,0.3,0.45,0.45,0.25,0.3,0.4,0.1,0.3,0.15,0.2,0.3,0.75,grazing land,NE,3800,238,279,27,160,yes,soil,no,100,0,0,unpred
92,112,2010,2,21,21,0,-1,Miradouro do Portal,0.05,0.05,0.2,0.15,0.2,0.4,0.3,0.3,0.25,0.75,0.25,0.4,Arundo donax,S,180,116,93,44,2,yes,rock,yes,10,1,0,unpred
93,27,2011,3,12,13,1,-12,Cancela do Pico,0.3,0.45,0.45,0.25,0.3,0.4,0.1,0.3,0.15,0.2,0.3,0.75,grazing land,NE,3800,238,50,10,100,yes,soil,no,100,1,0,unpred
93,110,2010,4,11,12,1,-3,Fajã Rochosa,0,0,0.15,0,0.15,0.2,0.2,0.25,0,0.25,0,0.3,coast with rocks,SE,590,11.5,76.5,69,121,yes,rock,yes,0,0,1,cat
94,110,2010,3,21,21,0,-2,Miradouro do Portal,0.05,0.05,0.2,0.15,0.2,0.4,0.3,0.3,0.25,0.75,0.25,0.4,Arundo donax,S,180,115,71,65,180,yes,rock,yes,10,0,0,unpred
94,80b,2011,4,9,10,1,-18,Fajã Rochosa,0.05,0.05,0.1,0.15,0,0.15,0,0.55,0.55,0.1,0.1,0.45,coast with rocks,SE,590,5,57,52,110,yes,rock,no,0,0,1,cat
95,108,2010,3,21,21,0,-2,Miradouro do Portal,0.05,0.05,0.2,0.15,0.2,0.4,0.3,0.3,0.25,0.75,0.25,0.4,Arundo donax,S,180,124,71,28,75,yes,rock,yes,80,0,0,unpred
95,80a,2011,2,9,10,1,-5,Fajã Rochosa,0.05,0.05,0.1,0.15,0,0.15,0,0.55,0.55,0.1,0.1,0.45,coast with rocks,SE,590,5,26,75,114,yes,rock,no,0,0,0,unpred
96,106,2010,3,12,13,1,-2,Miradouro do Portal,0.05,0.05,0.2,0.15,0.2,0.4,0.3,0.3,0.25,0.75,0.25,0.4,Arundo donax,S,180,128,112,21,180,yes,rock,yes,20,0,0,unpred
96,215B,2011,3,9,10,1,-12,Fajã Rochosa,0.05,0.05,0.1,0.15,0,0.15,0,0.55,0.55,0.1,0.1,0.45,coast with rocks,SE,590,14,52,32,133,yes,rock,no,0,0,1,rat
97,105,2010,3,21,21,0,-2,Miradouro do Portal,0.05,0.05,0.2,0.15,0.2,0.4,0.3,0.3,0.25,0.75,0.25,0.4,Arundo donax,S,131,176,25,14,40,yes,rock,yes,80,1,0,unpred
97,12b,2011,3,7,8,1,-12,Fajã Rochosa,0.05,0.05,0.1,0.15,0,0.15,0,0.55,0.55,0.1,0.1,0.45,coast with rocks,SE,590,5,110.5,36.6,129,yes,rock,no,0,0,0,unpred
98,104,2010,2,11,12,1,-1,Miradouro do Portal,0.05,0.05,0.2,0.15,0.2,0.4,0.3,0.3,0.25,0.75,0.25,0.4,Arundo donax,S,180,133,60,29,67,yes,soil,yes,80,1,1,rat
98,12a,2011,2,6,7,1,-5,Fajã Rochosa,0.05,0.05,0.1,0.15,0,0.15,0,0.55,0.55,0.1,0.1,0.45,coast with rocks,SE,590,5,110.5,36.6,111,yes,rock,no,0,0,1,cat
99,99,2010,3,21,21,0,-2,Cancela do Pico,0,0.05,0.25,0.15,0.25,0.5,0.3,1,0.15,0.5,0.2,0.25,grazing land,NE,3800,243,24,20,90,yes,soil,yes,40,1,0,unpred
99,124F,2011,2,17,18,1,-5,Fajã Rochosa,0.05,0.05,0.1,0.15,0,0.15,0,0.55,0.55,0.1,0.1,0.45,coast with rocks,SE,590,8,23.5,39,70,yes,rock,no,0,0,1,rat
100,98,2010,3,21,21,0,-2,Cancela do Pico,0,0.05,0.25,0.15,0.25,0.5,0.3,1,0.15,0.5,0.2,0.25,grazing land,NE,3800,234,33,23,50,yes,soil,yes,100,0,0,unpred
100,1008,2011,3,8,9,1,-12,Fajã Rochosa,0.05,0.05,0.1,0.15,0,0.15,0,0.55,0.55,0.1,0.1,0.45,coast with rocks,SE,590,19,32,56,115,yes,rock,no,0,0,1,cat
101,97,2010,3,21,21,0,-2,Cancela do Pico,0,0.05,0.25,0.15,0.25,0.5,0.3,1,0.15,0.5,0.2,0.25,grazing land,NE,3800,244,37,27,1,yes,soil,no,80,0,0,unpred
101,1007,2011,2,15,16,1,-5,Fajã Rochosa,0.05,0.05,0.1,0.15,0,0.15,0,0.55,0.55,0.1,0.1,0.45,coast with rocks,SE,590,13,26,18,64,yes,rock,no,0,0,0,unpred
102,94,2010,2,21,21,0,-1,Pão de Açúcar,0.05,0.2,0.4,0.35,0.4,0.4,0.15,0.8,0.4,0.7,0.4,0.25,semi-natural grassland,SW,500,187,56,16,84,yes,soil,no,80,0,0,unpred
102,1006,2011,3,11,12,1,-12,Fajã Rochosa,0.05,0.05,0.1,0.15,0,0.15,0,0.55,0.55,0.1,0.1,0.45,coast with rocks,SE,590,19,47,16,100,yes,rock,no,0,0,0,unpred
103,93,2010,1,9,10,1,0,Pão de Açúcar,0.05,0.2,0.4,0.35,0.4,0.4,0.15,0.8,0.4,0.7,0.4,0.25,semi-natural grassland,SW,500,196,50,19,86,yes,soil,no,70,0,1,cat
103,831,2011,2,21,21,0,-5,Fajã Rochosa,0.05,0.05,0.1,0.15,0,0.15,0,0.55,0.55,0.1,0.1,0.45,coast with rocks,SE,590,17,60,32,30,yes,rock,no,0,0,1,cat
104,89,2010,3,9,10,1,-2,Pão de Açúcar,0.05,0.2,0.4,0.35,0.4,0.4,0.15,0.8,0.4,0.7,0.4,0.25,semi-natural grassland,SW,500,197,60,16,56,no,soil,no,60,0,1,cat
104,830,2011,2,11,12,1,-5,Fajã Rochosa,0.05,0.05,0.1,0.15,0,0.15,0,0.55,0.55,0.1,0.1,0.45,coast with rocks,SE,590,18,20,12.6,49,yes,rock,no,0,0,0,unpred
105,88,2010,3,4,5,1,-2,Pão de Açúcar,0.05,0.2,0.4,0.35,0.4,0.4,0.15,0.8,0.4,0.7,0.4,0.25,semi-natural grassland,SW,500,200,56,115,47,yes,rock,no,40,0,1,rat
105,829,2011,2,11,12,1,-5,Fajã Rochosa,0.05,0.05,0.1,0.15,0,0.15,0,0.55,0.55,0.1,0.1,0.45,coast with rocks,SE,590,18,32,57,94.6,yes,rock,no,0,0,1,cat
106,87,2010,2,21,21,0,-1,Pão de Açúcar,0.05,0.2,0.4,0.35,0.4,0.4,0.15,0.8,0.4,0.7,0.4,0.25,semi-natural grassland,SW,500,203,28,24,84,yes,rock,no,40,0,0,unpred
106,828,2011,2,16,17,1,-5,Fajã Rochosa,0.05,0.05,0.1,0.15,0,0.15,0,0.55,0.55,0.1,0.1,0.45,coast with rocks,SE,590,18,36,26,50,yes,rock,no,0,0,0,unpred
107,86,2010,3,21,21,0,-2,Pão de Açúcar,0.05,0.2,0.4,0.35,0.4,0.4,0.15,0.8,0.4,0.7,0.4,0.25,semi-natural grassland,SW,500,207,70,14,60,yes,soil,no,40,0,0,unpred
107,827,2011,2,9,10,1,-5,Fajã Rochosa,0.05,0.05,0.1,0.15,0,0.15,0,0.55,0.55,0.1,0.1,0.45,coast with rocks,SE,590,5,55.5,64,105,yes,rock,no,0,0,1,cat
108,85,2010,3,11,12,1,-2,Pão de Açúcar,0.05,0.2,0.4,0.35,0.4,0.4,0.15,0.8,0.4,0.7,0.4,0.25,semi-natural grassland,SW,500,217,46,37,88,yes,soil,no,50,0,1,cat
108,826,2011,3,3,4,1,-12,Fajã Rochosa,0.05,0.05,0.1,0.15,0,0.15,0,0.55,0.55,0.1,0.1,0.45,coast with rocks,SE,590,9,32,25,48,yes,rock,no,0,0,1,cat
109,83,2010,3,10,11,1,-2,Pão de Açúcar,0.05,0.2,0.4,0.35,0.4,0.4,0.15,0.8,0.4,0.7,0.4,0.25,semi-natural grassland,SW,500,208,29,15,60,yes,soil,no,80,0,1,cat
109,825,2011,2,13,14,1,-5,Fajã Rochosa,0.05,0.05,0.1,0.15,0,0.15,0,0.55,0.55,0.1,0.1,0.45,coast with rocks,SE,590,5,80,11,140,yes,rock,no,0,0,1,rat
110,82,2010,1,21,21,0,0,Pão de Açúcar,0.05,0.2,0.4,0.35,0.4,0.4,0.15,0.8,0.4,0.7,0.4,0.25,semi-natural grassland,SW,500,222,17,17,45,yes,soil,no,50,0,0,unpred
110,824,2011,2,21,21,0,-5,Fajã Rochosa,0.05,0.05,0.1,0.15,0,0.15,0,0.55,0.55,0.1,0.1,0.45,coast with rocks,SE,590,9,85,34,134,yes,rock,no,0,0,1,cat
111,81,2010,1,21,21,0,0,Pão de Açúcar,0.05,0.2,0.4,0.35,0.4,0.4,0.15,0.8,0.4,0.7,0.4,0.25,semi-natural grassland,SW,500,208,59,14,72,yes,soil,no,50,0,0,unpred
111,821,2011,2,21,21,0,-5,Fajã Rochosa,0.05,0.05,0.1,0.15,0,0.15,0,0.55,0.55,0.1,0.1,0.45,coast with rocks,SE,590,5,88,71,121,yes,rock,no,0,0,0,unpred
112,79,2010,2,21,21,0,-1,Pão de Açúcar,0.05,0.2,0.4,0.35,0.4,0.4,0.15,0.8,0.4,0.7,0.4,0.25,semi-natural grassland,SW,500,211,90,13,75,yes,soil,no,40,0,0,unpred
112,817,2011,3,10,11,1,-12,Fajã Rochosa,0.05,0.05,0.1,0.15,0,0.15,0,0.55,0.55,0.1,0.1,0.45,coast with rocks,SE,590,1,45,44,126,yes,rock,no,0,0,1,cat
113,77,2010,2,21,21,0,-1,Pão de Açúcar,0.05,0.2,0.4,0.35,0.4,0.4,0.15,0.8,0.4,0.7,0.4,0.25,semi-natural grassland,SW,500,207,66,29,94,yes,soil,no,40,0,0,unpred
113,811,2011,2,16,17,1,-5,Fajã Rochosa,0.05,0.05,0.1,0.15,0,0.15,0,0.55,0.55,0.1,0.1,0.45,coast with rocks,SE,590,5,26,36,140,yes,rock,no,0,0,1,cat
114,76,2010,3,4,5,1,-2,Pão de Açúcar,0.05,0.2,0.4,0.35,0.4,0.4,0.15,0.8,0.4,0.7,0.4,0.25,semi-natural grassland,SW,500,207,26,15,67,yes,soil,no,40,1,1,rat
114,810,2011,2,21,21,0,-5,Fajã Rochosa,0.05,0.05,0.1,0.15,0,0.15,0,0.55,0.55,0.1,0.1,0.45,coast with rocks,SE,590,8,29,30,157,yes,rock,no,0,0,0,unpred
115,75,2010,3,5,6,1,-2,Pão de Açúcar,0.05,0.2,0.4,0.35,0.4,0.4,0.15,0.8,0.4,0.7,0.4,0.25,semi-natural grassland,SW,500,207,23,14,74,yes,soil,no,40,1,1,rat
115,808,2011,2,10,11,1,-5,Fajã Rochosa,0.05,0.05,0.1,0.15,0,0.15,0,0.55,0.55,0.1,0.1,0.45,coast with rocks,SE,590,12,42,38,124,yes,rock,no,0,0,0,unpred
116,74,2010,3,11,12,1,-2,Pão de Açúcar,0.05,0.2,0.4,0.35,0.4,0.4,0.15,0.8,0.4,0.7,0.4,0.25,semi-natural grassland,SW,500,187,59,13,130,yes,soil,no,40,1,1,cat
116,804,2011,2,9,10,1,-5,Fajã Rochosa,0.05,0.05,0.1,0.15,0,0.15,0,0.55,0.55,0.1,0.1,0.45,coast with rocks,SE,590,10,41.5,12,42,yes,rock,no,0,0,0,unpred
117,73,2010,2,21,21,0,-1,Pão de Açúcar,0.05,0.2,0.4,0.35,0.4,0.4,0.15,0.8,0.4,0.7,0.4,0.25,semi-natural grassland,SW,500,206,69,9,80,yes,soil,no,30,1,0,unpred
117,803,2011,4,10,11,1,-18,Fajã Rochosa,0.05,0.05,0.1,0.15,0,0.15,0,0.55,0.55,0.1,0.1,0.45,coast with rocks,SE,590,1,21,34,36,yes,rock,no,0,0,0,unpred
118,72,2010,4,21,21,0,-3,Pão de Açúcar,0.05,0.2,0.4,0.35,0.4,0.4,0.15,0.8,0.4,0.7,0.4,0.25,semi-natural grassland,SW,500,205,93,15,105,yes,soil,no,30,0,0,unpred
118,802,2011,2,10,11,1,-5,Fajã Rochosa,0.05,0.05,0.1,0.15,0,0.15,0,0.55,0.55,0.1,0.1,0.45,coast with rocks,SE,590,12,73,47,136,yes,rock,no,0,0,0,unpred
119,71,2010,1,21,21,0,0,Pão de Açúcar,0.05,0.2,0.4,0.35,0.4,0.4,0.15,0.8,0.4,0.7,0.4,0.25,semi-natural grassland,SW,500,257,44,16,60,yes,soil,no,40,0,0,unpred
119,801,2011,2,10,11,1,-5,Fajã Rochosa,0.05,0.05,0.1,0.15,0,0.15,0,0.55,0.55,0.1,0.1,0.45,coast with rocks,SE,590,9,35,103,115,yes,rock,no,0,0,1,cat
120,69,2010,3,21,21,0,-2,Pão de Açúcar,0.05,0.2,0.4,0.35,0.4,0.4,0.15,0.8,0.4,0.7,0.4,0.25,semi-natural grassland,SW,500,156,61,9.5,98,yes,soil,no,70,1,0,unpred
120,215,2011,2,10,11,1,-5,Fajã Rochosa,0.05,0.05,0.1,0.15,0,0.15,0,0.55,0.55,0.1,0.1,0.45,coast with rocks,SE,590,9,13.5,17,115,yes,rock,no,0,0,1,cat
121,66,2010,2,21,21,0,-1,Pão de Açúcar,0.05,0.2,0.4,0.35,0.4,0.4,0.15,0.8,0.4,0.7,0.4,0.25,semi-natural grassland,SW,500,166,70,18,110,yes,soil,no,70,0,0,unpred
121,176,2011,2,21,21,0,-5,Fajã Rochosa,0.05,0.05,0.1,0.15,0,0.15,0,0.55,0.55,0.1,0.1,0.45,coast with rocks,SE,590,16,51,37,100,yes,rock,no,0,1,1,cat
122,64,2010,3,21,21,0,-2,Pão de Açúcar,0.05,0.2,0.4,0.35,0.4,0.4,0.15,0.8,0.4,0.7,0.4,0.25,semi-natural grassland,SW,500,159,29,30,65,yes,soil,no,70,1,1,cat
122,171,2011,2,21,21,0,-5,Fajã Rochosa,0.05,0.05,0.1,0.15,0,0.15,0,0.55,0.55,0.1,0.1,0.45,coast with rocks,SE,590,9,51,14,86,yes,soil,no,0,0,1,cat
123,63,2010,3,21,21,0,-2,Pão de Açúcar,0.05,0.2,0.4,0.35,0.4,0.4,0.15,0.8,0.4,0.7,0.4,0.25,semi-natural grassland,SW,500,144,39.5,20,120,yes,soil,no,50,1,0,unpred
123,119,2011,2,11,12,1,-5,Fajã Rochosa,0.05,0.05,0.1,0.15,0,0.15,0,0.55,0.55,0.1,0.1,0.45,coast with rocks,SE,590,5,24,24,74,yes,rock,no,0,0,1,cat
124,20,2011,2,21,21,0,-5,Fajã Rochosa,0.05,0.05,0.1,0.15,0,0.15,0,0.55,0.55,0.1,0.1,0.45,coast with rocks,SE,590,6,67,46,180,yes,rock,no,0,0,1,cat
124,61,2010,3,12,13,1,-2,Pão de Açúcar,0.05,0.2,0.4,0.35,0.4,0.4,0.15,0.8,0.4,0.7,0.4,0.25,semi-natural grassland,SW,500,153,55,56,230,yes,soil,no,10,1,1,cat
125,13,2011,2,10,11,1,-5,Fajã Rochosa,0.05,0.05,0.1,0.15,0,0.15,0,0.55,0.55,0.1,0.1,0.45,coast with rocks,SE,590,23,32.5,22,90,yes,rock,no,0,0,1,rat
125,60,2010,2,14,15,1,-1,Pão de Açúcar,0.05,0.2,0.4,0.35,0.4,0.4,0.15,0.8,0.4,0.7,0.4,0.25,semi-natural grassland,SW,500,167,65,14,90,yes,soil,no,40,1,1,cat
126,7,2011,3,21,21,0,-12,Fajã Rochosa,0.05,0.05,0.1,0.15,0,0.15,0,0.55,0.55,0.1,0.1,0.45,coast with rocks,SE,590,5,103,59.6,122.6,yes,rock,no,0,0,1,cat
126,57,2010,3,21,21,0,-2,Pão de Açúcar,0.05,0.2,0.4,0.35,0.4,0.4,0.15,0.8,0.4,0.7,0.4,0.25,semi-natural grassland,SW,500,166,30,17,57,yes,soil,no,70,1,0,unpred
127,1,2011,3,10,11,1,-12,Fajã Rochosa,0.05,0.05,0.1,0.15,0,0.15,0,0.55,0.55,0.1,0.1,0.45,coast with rocks,SE,590,32,61,17,130,yes,rock,no,0,0,1,cat
127,56,2010,3,12,13,1,-2,Pão de Açúcar,0.05,0.2,0.4,0.35,0.4,0.4,0.15,0.8,0.4,0.7,0.4,0.25,semi-natural grassland,SW,500,162,37,20,83,yes,soil,no,70,0,1,cat
128,51,2010,2,10,11,1,-1,Pão de Açúcar,0.05,0.2,0.4,0.35,0.4,0.4,0.15,0.8,0.4,0.7,0.4,0.25,semi-natural grassland,SW,500,190,230,15,100,yes,soil,no,60,0,1,cat
128,16b,2011,1,9,10,1,0,Fonte Velha,0.15,0.35,0.05,0.15,0.45,0.8,0.45,0.55,0.55,0.45,0.3,0.15,semi-natural grassland,S,200,176,61,41,150,yes,soil,no,40,1,1,cat
129,50,2010,3,21,21,0,-2,Pão de Açúcar,0.05,0.2,0.4,0.35,0.4,0.4,0.15,0.8,0.4,0.7,0.4,0.25,semi-natural grassland,SW,500,188,36,13,60,yes,soil,no,80,0,0,unpred
129,16a,2011,1,21,21,0,0,Fonte Velha,0.15,0.35,0.05,0.15,0.45,0.8,0.45,0.55,0.55,0.45,0.3,0.15,semi-natural grassland,S,200,173,75,33,142,yes,soil,no,40,1,0,unpred
130,49,2010,3,21,21,0,-2,Pão de Açúcar,0.05,0.2,0.4,0.35,0.4,0.4,0.15,0.8,0.4,0.7,0.4,0.25,semi-natural grassland,SW,500,188,55,14,55,yes,soil,no,80,0,0,unpred
130,156e,2011,2,16,17,1,-5,Fonte Velha,0.15,0.35,0.05,0.15,0.45,0.8,0.45,0.55,0.55,0.45,0.3,0.15,semi-natural grassland,S,200,179,78,53,110,yes,soil,no,40,1,1,rat
131,38,2010,3,12,13,1,-2,Miradouro do Portal,0.05,0.05,0.2,0.15,0.2,0.4,0.3,0.3,0.25,0.75,0.25,0.4,Arundo donax,S,180,133,24,25,68,no,soil,yes,80,1,1,cat
131,165d,2011,2,21,21,0,-5,Fonte Velha,0.15,0.35,0.05,0.15,0.45,0.8,0.45,0.55,0.55,0.45,0.3,0.15,semi-natural grassland,S,200,179,143,124,330,yes,rock,no,40,1,0,unpred
132,34,2010,3,21,21,0,-2,Fonte Velha,0,0,0.3,0.1,0.3,0.15,0.05,0.45,0.3,0.95,0.3,0.95,semi-natural grassland,S,200,164,65,16,67,yes,soil,no,40,0,0,unpred
132,156c,2011,2,8,9,1,-5,Fonte Velha,0.15,0.35,0.05,0.15,0.45,0.8,0.45,0.55,0.55,0.45,0.3,0.15,semi-natural grassland,S,200,179,68,58,140,yes,rock,no,40,1,1,rat
133,33,2010,2,10,11,1,-1,Fonte Velha,0,0,0.3,0.1,0.3,0.15,0.05,0.45,0.3,0.95,0.3,0.95,semi-natural grassland,S,200,157,22,14,50,yes,soil,no,40,0,1,cat
133,10a,2011,1,9,10,1,0,Fonte Velha,0.15,0.35,0.05,0.15,0.45,0.8,0.45,0.55,0.55,0.45,0.3,0.15,semi-natural grassland,S,200,165,66,37,165,yes,soil,no,80,0,1,cat
134,30,2010,3,8,9,1,-2,Cancela do Pico,0,0.05,0.25,0.15,0.25,0.5,0.3,1,0.15,0.5,0.2,0.25,grazing land,NE,3800,233,28,13,40,yes,soil,no,90,0,1,cat
134,219,2011,2,21,21,0,-5,Fonte Velha,0.15,0.35,0.05,0.15,0.45,0.8,0.45,0.55,0.55,0.45,0.3,0.15,semi-natural grassland,S,200,145,35,15,100,yes,soil,no,40,1,0,unpred
135,29,2010,1,21,21,0,0,Cancela do Pico,0,0.05,0.25,0.15,0.25,0.5,0.3,1,0.15,0.5,0.2,0.25,grazing land,NE,3800,231,60,10,120,yes,soil,no,80,0,0,unpred
135,218,2011,3,9,10,1,-12,Fonte Velha,0.15,0.35,0.05,0.15,0.45,0.8,0.45,0.55,0.55,0.45,0.3,0.15,semi-natural grassland,S,200,176,37,77,90,yes,soil,no,40,0,1,cat
136,28,2010,3,3,4,1,-2,Cancela do Pico,0,0.05,0.25,0.15,0.25,0.5,0.3,1,0.15,0.5,0.2,0.25,grazing land,NE,3800,238,279,27,160,yes,soil,no,100,0,1,cat
136,154,2011,2,9,10,1,-5,Fonte Velha,0.15,0.35,0.05,0.15,0.45,0.8,0.45,0.55,0.55,0.45,0.3,0.15,semi-natural grassland,S,200,177,38,19,100,yes,soil,yes,40,0,1,rat
137,27,2010,3,8,9,1,-2,Cancela do Pico,0,0.05,0.25,0.15,0.25,0.5,0.3,1,0.15,0.5,0.2,0.25,grazing land,NE,3800,238,50,10,100,yes,soil,no,100,1,1,cat
137,153,2011,3,21,21,0,-12,Fonte Velha,0.15,0.35,0.05,0.15,0.45,0.8,0.45,0.55,0.55,0.45,0.3,0.15,semi-natural grassland,S,200,175,97,28,95,yes,soil,no,40,0,0,unpred
138,25,2010,3,10,11,1,-2,Fonte Velha,0,0,0.3,0.1,0.3,0.15,0.05,0.45,0.3,0.95,0.3,0.95,semi-natural grassland,S,200,184,54,12,100,no,soil,no,20,0,1,cat
138,34,2011,3,14,15,1,-12,Fonte Velha,0.15,0.35,0.05,0.15,0.45,0.8,0.45,0.55,0.55,0.45,0.3,0.15,semi-natural grassland,S,200,164,65,16,67,yes,soil,no,40,0,0,unpred
139,24,2010,2,21,21,0,-1,Pão de Açúcar,0.05,0.2,0.4,0.35,0.4,0.4,0.15,0.8,0.4,0.7,0.4,0.25,semi-natural grassland,SW,500,160,80,14,70,yes,soil,no,70,0,0,unpred
139,33,2011,2,2,3,1,-5,Fonte Velha,0.15,0.35,0.05,0.15,0.45,0.8,0.45,0.55,0.55,0.45,0.3,0.15,semi-natural grassland,S,200,157,22,14,50,yes,soil,no,40,0,0,unpred
140,23,2010,2,21,21,0,-1,Pão de Açúcar,0.05,0.2,0.4,0.35,0.4,0.4,0.15,0.8,0.4,0.7,0.4,0.25,semi-natural grassland,SW,500,177,62,13,97,yes,soil,no,40,0,0,unpred
140,25,2011,2,20,21,1,-5,Fonte Velha,0.15,0.35,0.05,0.15,0.45,0.8,0.45,0.55,0.55,0.45,0.3,0.15,semi-natural grassland,S,200,184,54,12,100,no,soil,no,20,0,0,unpred
141,14,2011,3,11,12,1,-12,Fonte Velha,0.15,0.35,0.05,0.15,0.45,0.8,0.45,0.55,0.55,0.45,0.3,0.15,semi-natural grassland,S,200,177,60,17,70,yes,soil,yes,40,0,0,unpred
141,20,2010,1,21,21,0,0,Fajã Rochosa,0,0,0.15,0,0.15,0.2,0.2,0.25,0,0.25,0,0.3,coast with rocks,SE,590,6,67,46,180,yes,rock,no,0,0,0,unpred
142,12,2011,2,12,13,1,-5,Fonte Velha,0.15,0.35,0.05,0.15,0.45,0.8,0.45,0.55,0.55,0.45,0.3,0.15,semi-natural grassland,S,200,169,52,17,65,yes,soil,yes,40,0,0,unpred
142,18,2010,2,8,9,1,-1,Fajã Rochosa,0,0,0.15,0,0.15,0.2,0.2,0.25,0,0.25,0,0.3,coast with rocks,SE,600,9,22,32,77,yes,rock,no,0,1,1,cat
143,11,2011,2,2,3,1,-5,Fonte Velha,0.15,0.35,0.05,0.15,0.45,0.8,0.45,0.55,0.55,0.45,0.3,0.15,semi-natural grassland,S,200,171,46,30,68,yes,soil,no,80,0,0,unpred
143,14,2010,2,10,11,1,-1,Fonte Velha,0,0,0.3,0.1,0.3,0.15,0.05,0.45,0.3,0.95,0.3,0.95,semi-natural grassland,S,200,177,60,17,70,yes,soil,yes,40,0,1,cat
144,9,2011,3,11,12,1,-12,Fonte Velha,0.15,0.35,0.05,0.15,0.45,0.8,0.45,0.55,0.55,0.45,0.3,0.15,semi-natural grassland,S,200,215,42,42,100,yes,soil,no,80,0,0,unpred
144,13,2010,1,21,21,0,0,Fajã Rochosa,0,0,0.15,0,0.15,0.2,0.2,0.25,0,0.25,0,0.3,coast with rocks,SE,590,23,32.5,22,90,yes,rock,no,0,0,0,unpred
145,8,2011,3,8,9,1,-12,Fonte Velha,0.15,0.35,0.05,0.15,0.45,0.8,0.45,0.55,0.55,0.45,0.3,0.15,semi-natural grassland,S,200,173,63,30,130,yes,soil,no,80,0,0,unpred
145,12,2010,2,21,21,0,-1,Fonte Velha,0,0,0.3,0.1,0.3,0.15,0.05,0.45,0.3,0.95,0.3,0.95,semi-natural grassland,S,200,169,52,17,65,yes,soil,yes,40,0,0,unpred
146,6,2011,2,9,10,1,-5,Fonte Velha,0.15,0.35,0.05,0.15,0.45,0.8,0.45,0.55,0.55,0.45,0.3,0.15,semi-natural grassland,S,200,209,23,12,180,yes,soil,yes,40,0,0,unpred
146,11,2010,3,21,21,0,-2,Fonte Velha,0,0,0.3,0.1,0.3,0.15,0.05,0.45,0.3,0.95,0.3,0.95,semi-natural grassland,S,200,171,46,30,68,yes,soil,no,80,0,0,unpred
147,5,2011,2,9,10,1,-5,Fonte Velha,0.15,0.35,0.05,0.15,0.45,0.8,0.45,0.55,0.55,0.45,0.3,0.15,semi-natural grassland,S,200,196,57,20,70,yes,soil,no,50,0,0,unpred
147,9,2010,3,12,13,1,-2,Fonte Velha,0,0,0.3,0.1,0.3,0.15,0.05,0.45,0.3,0.95,0.3,0.95,semi-natural grassland,S,200,215,42,42,100,yes,soil,no,80,0,1,cat
148,4,2011,1,10,11,1,0,Fonte Velha,0.15,0.35,0.05,0.15,0.45,0.8,0.45,0.55,0.55,0.45,0.3,0.15,semi-natural grassland,S,200,183,103,26,120,yes,soil,no,5,0,0,unpred
148,8,2010,2,21,21,0,-1,Fonte Velha,0,0,0.3,0.1,0.3,0.15,0.05,0.45,0.3,0.95,0.3,0.95,semi-natural grassland,S,200,173,63,30,130,yes,soil,no,80,0,0,unpred
149,2,2011,2,10,11,1,-5,Fonte Velha,0.15,0.35,0.05,0.15,0.45,0.8,0.45,0.55,0.55,0.45,0.3,0.15,semi-natural grassland,S,200,189,64,30,110,no,soil,no,10,0,1,cat
149,7,2010,3,10,11,1,-2,Fajã Rochosa,0,0,0.15,0,0.15,0.2,0.2,0.25,0,0.25,0,0.3,coast with rocks,SE,590,5,103,59.5,122.5,yes,rock,no,0,0,1,cat
150,6,2010,3,21,21,0,-2,Fonte Velha,0,0,0.3,0.1,0.3,0.15,0.05,0.45,0.3,0.95,0.3,0.95,semi-natural grassland,S,200,209,23,12,180,yes,soil,yes,40,0,0,unpred
150,211,2011,2,14,15,1,-5,Miradouro do Portal,0.45,0.35,0.25,0.3,0.4,0.75,0.1,0.25,0.35,0.35,0.4,0.1,Arundo donax,S,180,126,59,15,60,yes,soil,no,60,0,1,rat
151,5,2010,1,10,11,1,0,Fonte Velha,0,0,0.3,0.1,0.3,0.15,0.05,0.45,0.3,0.95,0.3,0.95,semi-natural grassland,S,200,196,57,20,70,yes,soil,no,50,0,1,cat
151,209,2011,3,10,11,1,-12,Miradouro do Portal,0.45,0.35,0.25,0.3,0.4,0.75,0.1,0.25,0.35,0.35,0.4,0.1,Arundo donax,S,180,127,35,39,100,no,soil,no,50,0,1,cat
152,4,2010,3,12,13,1,-2,Fonte Velha,0,0,0.3,0.1,0.3,0.15,0.05,0.45,0.3,0.95,0.3,0.95,semi-natural grassland,S,200,183,103,26,120,yes,soil,no,5,0,1,cat
152,124,2011,3,10,11,1,-12,Miradouro do Portal,0.45,0.35,0.25,0.3,0.4,0.75,0.1,0.25,0.35,0.35,0.4,0.1,Arundo donax,S,180,129,49,14,50,yes,soil,no,60,0,0,unpred
153,2,2010,2,10,11,1,-1,Fonte Velha,0,0,0.3,0.1,0.3,0.15,0.05,0.45,0.3,0.95,0.3,0.95,semi-natural grassland,S,200,189,64,30,110,no,soil,no,10,0,1,cat
153,123,2011,3,11,12,1,-12,Miradouro do Portal,0.45,0.35,0.25,0.3,0.4,0.75,0.1,0.25,0.35,0.35,0.4,0.1,Arundo donax,S,180,128,35,24,40,yes,soil,no,20,0,1,cat
154,1,2010,3,8,9,1,-2,Fajã Rochosa,0,0,0.15,0,0.15,0.2,0.2,0.25,0,0.25,0,0.3,coast with rocks,SE,590,32,61,17,130,yes,rock,no,0,0,1,cat
154,122,2011,3,11,12,1,-12,Miradouro do Portal,0.45,0.35,0.25,0.3,0.4,0.75,0.1,0.25,0.35,0.35,0.4,0.1,Arundo donax,S,180,128,38,13,54,yes,soil,no,20,0,0,unpred
155,120,2011,3,21,21,0,-12,Miradouro do Portal,0.45,0.35,0.25,0.3,0.4,0.75,0.1,0.25,0.35,0.35,0.4,0.1,Arundo donax,S,180,139,68,27,86,yes,soil,no,60,0,0,unpred
156,116,2011,3,10,11,1,-12,Miradouro do Portal,0.45,0.35,0.25,0.3,0.4,0.75,0.1,0.25,0.35,0.35,0.4,0.1,Arundo donax,S,180,138,46,93,116,yes,soil,no,70,0,0,unpred
157,115,2011,2,11,12,1,-5,Miradouro do Portal,0.45,0.35,0.25,0.3,0.4,0.75,0.1,0.25,0.35,0.35,0.4,0.1,Arundo donax,S,180,136,48,23,90,no,soil,no,60,1,0,unpred
158,113,2011,2,21,21,0,-5,Miradouro do Portal,0.45,0.35,0.25,0.3,0.4,0.75,0.1,0.25,0.35,0.35,0.4,0.1,Arundo donax,S,180,129,35,13,55,no,soil,no,80,0,1,rat
159,112,2011,2,21,21,0,-5,Miradouro do Portal,0.45,0.35,0.25,0.3,0.4,0.75,0.1,0.25,0.35,0.35,0.4,0.1,Arundo donax,S,180,116,93,44,2,yes,rock,yes,10,1,0,unpred
160,110,2011,2,21,21,0,-5,Miradouro do Portal,0.45,0.35,0.25,0.3,0.4,0.75,0.1,0.25,0.35,0.35,0.4,0.1,Arundo donax,S,180,115,71,65,180,yes,rock,yes,10,0,1,cat
161,108,2011,2,21,21,0,-5,Miradouro do Portal,0.45,0.35,0.25,0.3,0.4,0.75,0.1,0.25,0.35,0.35,0.4,0.1,Arundo donax,S,180,124,71,28,75,yes,rock,yes,80,0,0,unpred
162,104,2011,3,21,21,0,-12,Miradouro do Portal,0.45,0.35,0.25,0.3,0.4,0.75,0.1,0.25,0.35,0.35,0.4,0.1,Arundo donax,S,180,127,60,29,67,yes,soil,yes,80,1,1,cat
163,38,2011,2,9,10,1,-5,Miradouro do Portal,0.45,0.35,0.25,0.3,0.4,0.75,0.1,0.25,0.35,0.35,0.4,0.1,Arundo donax,S,180,133,24,25,68,no,soil,yes,80,1,0,unpred
164,62B,2011,1,11,12,1,0,Pão de Açúcar,0.3,0.4,0.35,0.35,0.7,0.8,0.1,0.25,0.4,0.3,0.2,0.15,semi-natural grassland,SW,500,187,30,16,124,yes,soil,no,30,0,1,rat
165,62A,2011,3,11,12,1,-12,Pão de Açúcar,0.3,0.4,0.35,0.35,0.7,0.8,0.1,0.25,0.4,0.3,0.2,0.15,semi-natural grassland,SW,500,187,74,19,148,yes,soil,no,30,0,1,cat
166,22b,2011,1,10,11,1,0,Pão de Açúcar,0.3,0.4,0.35,0.35,0.7,0.8,0.1,0.25,0.4,0.3,0.2,0.15,semi-natural grassland,SW,500,187,39,25,68,yes,soil,yes,40,0,1,cat
167,1009,2011,3,14,15,1,-12,Pão de Açúcar,0.3,0.4,0.35,0.35,0.7,0.8,0.1,0.25,0.4,0.3,0.2,0.15,semi-natural grassland,SW,500,160,16,15,66,no,soil,no,60,1,1,cat
168,1001,2011,2,21,21,0,-5,Pão de Açúcar,0.3,0.4,0.35,0.35,0.7,0.8,0.1,0.25,0.4,0.3,0.2,0.15,semi-natural grassland,SW,500,174,29,13,25,no,soil,no,20,0,0,unpred
169,216,2011,1,11,12,1,0,Pão de Açúcar,0.3,0.4,0.35,0.35,0.7,0.8,0.1,0.25,0.4,0.3,0.2,0.15,semi-natural grassland,SW,500,141,64,13,83,yes,soil,no,80,0,0,unpred
170,202,2011,1,21,21,0,0,Pão de Açúcar,0.3,0.4,0.35,0.35,0.7,0.8,0.1,0.25,0.4,0.3,0.2,0.15,semi-natural grassland,SW,500,158,35,29,49,yes,soil,no,50,0,0,unpred
171,199,2011,3,15,16,1,-12,Pão de Açúcar,0.3,0.4,0.35,0.35,0.7,0.8,0.1,0.25,0.4,0.3,0.2,0.15,semi-natural grassland,SW,500,223,43,24,85,no,soil,yes,30,0,1,cat
172,94,2011,1,8,9,1,0,Pão de Açúcar,0.3,0.4,0.35,0.35,0.7,0.8,0.1,0.25,0.4,0.3,0.2,0.15,semi-natural grassland,SW,500,187,56,16,84,yes,soil,no,80,0,0,unpred
173,93,2011,2,21,21,0,-5,Pão de Açúcar,0.3,0.4,0.35,0.35,0.7,0.8,0.1,0.25,0.4,0.3,0.2,0.15,semi-natural grassland,SW,500,196,50,19,86,yes,soil,no,70,0,1,cat
174,89,2011,3,21,21,0,-12,Pão de Açúcar,0.3,0.4,0.35,0.35,0.7,0.8,0.1,0.25,0.4,0.3,0.2,0.15,semi-natural grassland,SW,500,197,60,16,56,no,soil,no,60,0,1,cat
175,88,2011,3,11,12,1,-12,Pão de Açúcar,0.3,0.4,0.35,0.35,0.7,0.8,0.1,0.25,0.4,0.3,0.2,0.15,semi-natural grassland,SW,501,200,56,115,47,yes,rock,no,40,0,0,unpred
176,87,2011,3,16,17,1,-12,Pão de Açúcar,0.3,0.4,0.35,0.35,0.7,0.8,0.1,0.25,0.4,0.3,0.2,0.15,semi-natural grassland,SW,500,203,28,24,84,yes,rock,no,40,0,0,unpred
177,85,2011,1,21,21,0,0,Pão de Açúcar,0.3,0.4,0.35,0.35,0.7,0.8,0.1,0.25,0.4,0.3,0.2,0.15,semi-natural grassland,SW,500,217,46,37,88,yes,soil,no,50,0,0,unpred
178,83,2011,2,9,10,1,-5,Pão de Açúcar,0.3,0.4,0.35,0.35,0.7,0.8,0.1,0.25,0.4,0.3,0.2,0.15,semi-natural grassland,SW,500,208,29,15,60,yes,soil,no,80,0,0,unpred
179,82,2011,3,10,11,1,-12,Pão de Açúcar,0.3,0.4,0.35,0.35,0.7,0.8,0.1,0.25,0.4,0.3,0.2,0.15,semi-natural grassland,SW,500,222,17,17,45,yes,soil,no,50,0,0,unpred
180,81,2011,3,21,21,0,-12,Pão de Açúcar,0.3,0.4,0.35,0.35,0.7,0.8,0.1,0.25,0.4,0.3,0.2,0.15,semi-natural grassland,SW,500,208,59,14,72,yes,soil,no,50,0,0,unpred
181,79,2011,3,9,10,1,-12,Pão de Açúcar,0.3,0.4,0.35,0.35,0.7,0.8,0.1,0.25,0.4,0.3,0.2,0.15,semi-natural grassland,SW,500,211,90,13,75,yes,soil,no,40,0,1,cat
182,77,2011,1,21,21,0,0,Pão de Açúcar,0.3,0.4,0.35,0.35,0.7,0.8,0.1,0.25,0.4,0.3,0.2,0.15,semi-natural grassland,SW,500,207,66,29,94,yes,soil,no,40,0,1,cat
183,76,2011,2,16,17,1,-5,Pão de Açúcar,0.3,0.4,0.35,0.35,0.7,0.8,0.1,0.25,0.4,0.3,0.2,0.15,semi-natural grassland,SW,500,207,26,15,67,yes,soil,no,40,1,1,cat
184,75,2011,1,9,10,0,0,Pão de Açúcar,0.3,0.4,0.35,0.35,0.7,0.8,0.1,0.25,0.4,0.3,0.2,0.15,semi-natural grassland,SW,500,207,23,14,74,yes,soil,no,40,1,0,unpred
185,73,2011,3,11,12,1,-12,Pão de Açúcar,0.3,0.4,0.35,0.35,0.7,0.8,0.1,0.25,0.4,0.3,0.2,0.15,semi-natural grassland,SW,500,206,69,9,80,yes,soil,no,30,1,0,unpred
186,71,2011,3,21,21,0,-12,Pão de Açúcar,0.3,0.4,0.35,0.35,0.7,0.8,0.1,0.25,0.4,0.3,0.2,0.15,semi-natural grassland,SW,500,257,44,16,60,yes,soil,no,40,0,0,unpred
187,69,2011,3,9,10,1,-12,Pão de Açúcar,0.3,0.4,0.35,0.35,0.7,0.8,0.1,0.25,0.4,0.3,0.2,0.15,semi-natural grassland,SW,500,156,61,9.5,98,yes,soil,no,70,1,1,cat
188,66,2011,1,21,21,0,0,Pão de Açúcar,0.3,0.4,0.35,0.35,0.7,0.8,0.1,0.25,0.4,0.3,0.2,0.15,semi-natural grassland,SW,500,159,70,18,110,yes,soil,no,70,0,0,unpred
189,64,2011,3,21,21,0,-12,Pão de Açúcar,0.3,0.4,0.35,0.35,0.7,0.8,0.1,0.25,0.4,0.3,0.2,0.15,semi-natural grassland,SW,500,159,29,30,65,yes,soil,no,70,1,0,unpred
190,63,2011,2,14,15,1,-5,Pão de Açúcar,0.3,0.4,0.35,0.35,0.7,0.8,0.1,0.25,0.4,0.3,0.2,0.15,semi-natural grassland,SW,500,144,39.5,20,120,yes,soil,no,50,1,1,cat
191,61,2011,2,9,10,1,-5,Pão de Açúcar,0.3,0.4,0.35,0.35,0.7,0.8,0.1,0.25,0.4,0.3,0.2,0.15,semi-natural grassland,SW,500,153,55,56,230,yes,soil,no,10,1,1,cat
192,60,2011,3,11,12,1,-12,Pão de Açúcar,0.3,0.4,0.35,0.35,0.7,0.8,0.1,0.25,0.4,0.3,0.2,0.15,semi-natural grassland,SW,500,167,65,14,90,yes,soil,no,40,1,1,rat
193,57,2011,3,16,17,1,-12,Pão de Açúcar,0.3,0.4,0.35,0.35,0.7,0.8,0.1,0.25,0.4,0.3,0.2,0.15,semi-natural grassland,SW,500,166,30,17,57,yes,soil,no,70,1,0,unpred
194,56,2011,2,11,12,1,-5,Pão de Açúcar,0.3,0.4,0.35,0.35,0.7,0.8,0.1,0.25,0.4,0.3,0.2,0.15,semi-natural grassland,SW,500,162,37,20,83,yes,soil,no,70,0,1,rat
195,51,2011,3,21,21,0,-12,Pão de Açúcar,0.3,0.4,0.35,0.35,0.7,0.8,0.1,0.25,0.4,0.3,0.2,0.15,semi-natural grassland,SW,500,190,230,15,100,yes,soil,no,60,0,1,cat
196,50,2011,3,10,11,1,-12,Pão de Açúcar,0.3,0.4,0.35,0.35,0.7,0.8,0.1,0.25,0.4,0.3,0.2,0.15,semi-natural grassland,SW,500,188,36,13,60,yes,soil,no,80,0,1,cat
197,49,2011,3,11,12,1,-12,Pão de Açúcar,0.3,0.4,0.35,0.35,0.7,0.8,0.1,0.25,0.4,0.3,0.2,0.15,semi-natural grassland,SW,500,188,55,14,55,yes,soil,no,80,0,0,unpred
198,24,2011,3,11,12,1,-12,Pão de Açúcar,0.3,0.4,0.35,0.35,0.7,0.8,0.1,0.25,0.4,0.3,0.2,0.15,semi-natural grassland,SW,500,160,80,14,70,yes,soil,no,70,0,1,cat
199,23,2011,3,21,21,0,-12,Pão de Açúcar,0.3,0.4,0.35,0.35,0.7,0.8,0.1,0.25,0.4,0.3,0.2,0.15,semi-natural grassland,SW,500,177,62,13,97,yes,soil,no,40,0,0,unpred
200,133b,2011,3,21,21,0,-12,Pico João de Moura,0.6,0.75,0.65,0.45,0.55,0.25,0.05,0.15,0.45,0.4,0.3,0.9,riverbank with trees,NE,3700,176,47,18,80,yes,soil,no,30,0,0,unpred
201,1003,2011,3,12,13,1,-12,Pico João de Moura,0.6,0.75,0.65,0.45,0.55,0.25,0.05,0.15,0.45,0.4,0.3,0.9,riverbank with trees,NE,3700,167,39,55,150,yes,rock,no,80,0,0,unpred
202,1002,2011,2,21,21,0,-5,Pico João de Moura,0.6,0.75,0.65,0.45,0.55,0.25,0.05,0.15,0.45,0.4,0.3,0.9,riverbank with trees,NE,3700,161,51,17,60,yes,soil,no,30,0,1,cat
203,222,2011,2,21,21,0,-5,Pico João de Moura,0.6,0.75,0.65,0.45,0.55,0.25,0.05,0.15,0.45,0.4,0.3,0.9,riverbank with trees,NE,3706,200,156,43,100,yes,soil,no,30,0,1,cat
204,220,2011,2,20,21,0,-5,Pico João de Moura,0.6,0.75,0.65,0.45,0.55,0.25,0.05,0.15,0.45,0.4,0.3,0.9,riverbank with trees,NE,3702,175,37,30,65,yes,soil,no,70,0,0,unpred
205,208,2011,2,21,21,0,-5,Pico João de Moura,0.6,0.75,0.65,0.45,0.55,0.25,0.05,0.15,0.45,0.4,0.3,0.9,riverbank with trees,NE,3712,183,31,21,95,yes,soil,yes,20,0,0,unpred
206,207,2011,1,9,10,1,0,Pico João de Moura,0.6,0.75,0.65,0.45,0.55,0.25,0.05,0.15,0.45,0.4,0.3,0.9,riverbank with trees,NE,3709,173,50,18,60,yes,soil,yes,60,0,1,rat
207,206,2011,2,10,11,1,-5,Pico João de Moura,0.6,0.75,0.65,0.45,0.55,0.25,0.05,0.15,0.45,0.4,0.3,0.9,riverbank with trees,NE,3706,186,78,17,57,yes,soil,yes,30,0,0,unpred
208,144,2011,2,9,10,1,-5,Pico João de Moura,0.6,0.75,0.65,0.45,0.55,0.25,0.05,0.15,0.45,0.4,0.3,0.9,riverbank with trees,NE,3700,180,17,11,10,no,soil,yes,80,0,1,cat
209,141,2011,2,9,10,1,-5,Pico João de Moura,0.6,0.75,0.65,0.45,0.55,0.25,0.05,0.15,0.45,0.4,0.3,0.9,riverbank with trees,NE,3700,181,18,19,100,yes,soil,no,60,0,1,cat
210,139,2011,3,21,21,0,-12,Pico João de Moura,0.6,0.75,0.65,0.45,0.55,0.25,0.05,0.15,0.45,0.4,0.3,0.9,riverbank with trees,NE,3700,173,21,33,40,yes,soil,yes,80,1,0,unpred
211,138,2011,3,11,12,1,-12,Pico João de Moura,0.6,0.75,0.65,0.45,0.55,0.25,0.05,0.15,0.45,0.4,0.3,0.9,riverbank with trees,NE,3700,166,35,22,68,yes,soil,yes,80,0,1,cat
212,137,2011,3,21,21,0,-12,Pico João de Moura,0.6,0.75,0.65,0.45,0.55,0.25,0.05,0.15,0.45,0.4,0.3,0.9,riverbank with trees,NE,3700,176,25,36,78,yes,soil,yes,80,0,0,unpred
213,136,2011,2,10,11,1,-5,Pico João de Moura,0.6,0.75,0.65,0.45,0.55,0.25,0.05,0.15,0.45,0.4,0.3,0.9,riverbank with trees,NE,3700,186,56,29,72,yes,soil,no,20,0,1,cat
214,135,2011,3,13,14,1,-12,Pico João de Moura,0.6,0.75,0.65,0.45,0.55,0.25,0.05,0.15,0.45,0.4,0.3,0.9,riverbank with trees,NE,3700,176,109,45,145,yes,soil,no,20,0,1,cat
215,134,2011,2,13,14,1,-5,Pico João de Moura,0.6,0.75,0.65,0.45,0.55,0.25,0.05,0.15,0.45,0.4,0.3,0.9,riverbank with trees,NE,3700,175,23,14,120,no,soil,no,30,0,1,cat
216,132,2011,3,12,13,1,-12,Pico João de Moura,0.6,0.75,0.65,0.45,0.55,0.25,0.05,0.15,0.45,0.4,0.3,0.9,riverbank with trees,NE,3700,174,76,23,93,yes,soil,no,30,1,1,cat
217,114a,2011,4,4,5,1,-18,Miradouro do Portal,0.45,0.35,0.25,0.3,0.4,0.75,0.1,0.25,0.35,0.35,0.4,0.1,Arundo donax,S,180,123,36,25,23,no,soil,no,40,1,1,rat
218,822,2011,2,18,19,1,-5,Fajã Rochosa,0.05,0.05,0.1,0.15,0,0.15,0,0.55,0.55,0.1,0.1,0.45,coast with rocks,SE,590,5,23,29,40,yes,rock,no,0,0,1,cat
219,816,2011,3,15,16,1,-12,Fajã Rochosa,0.05,0.05,0.1,0.15,0,0.15,0,0.55,0.55,0.1,0.1,0.45,coast with rocks,SE,590,1,24,26,39,yes,rock,no,0,0,1,cat
220,129,2011,2,6,7,1,-5,Pico João de Moura,0.6,0.75,0.65,0.45,0.55,0.25,0.05,0.15,0.45,0.4,0.3,0.9,riverbank with trees,NE,3700,170,28,36,59,yes,soil,no,30,0,1,cat
221,119,2011,3,21,21,0,-12,Miradouro do Portal,0.45,0.35,0.25,0.3,0.4,0.75,0.1,0.25,0.35,0.35,0.4,0.1,Arundo donax,S,180,139,29,33,40,yes,soil,yes,80,0,0,unpred
222,92,2011,3,11,12,1,-12,Pão de Açúcar,0.3,0.4,0.35,0.35,0.7,0.8,0.1,0.25,0.4,0.3,0.2,0.15,semi-natural grassland,SW,500,197,34,23,49,yes,soil,no,70,0,1,cat
223,84,2011,2,2,3,1,-5,Pão de Açúcar,0.3,0.4,0.35,0.35,0.7,0.8,0.1,0.25,0.4,0.3,0.2,0.15,semi-natural grassland,SW,500,206,34,33,76,yes,soil,no,80,0,1,cat
224,10,2011,3,10,11,1,-12,Fajã Rochosa,0.05,0.05,0.1,0.15,0,0.15,0,0.55,0.55,0.1,0.1,0.45,coast with rocks,SE,590,31,60,18,120,yes,rock,no,0,0,1,cat
225,58,2011,3,21,21,0,-12,Pão de Açúcar,0.3,0.4,0.35,0.35,0.7,0.8,0.1,0.25,0.4,0.3,0.2,0.15,semi-natural grassland,SW,500,168,50,32,64,yes,soil,no,70,1,0,unpred
226,118,2011,3,21,21,0,-12,Miradouro do Portal,0.45,0.35,0.25,0.3,0.4,0.75,0.1,0.25,0.35,0.35,0.4,0.1,Arundo donax,S,180,134,32,47,89,yes,rock,yes,100,0,0,unpred
227,198,2011,2,10,11,1,-5,Pão de Açúcar,0.3,0.4,0.35,0.35,0.7,0.8,0.1,0.25,0.4,0.3,0.2,0.15,semi-natural grassland,SW,500,214,30,28,59,no,soil,yes,80,0,1,cat
228,1,2009,2,7,8,1,-9,Fajã Rochosa,0,0,0.1,0.1,0.1,0.1,0.1,0.1,0.2,0.2,0.2,0.2,coast with rocks,SE,590,32,61,17,130,yes,rock,no,0,0,1,cat
228,1,2009,2,21,21,0,-12,Fonte Velha,0.2,0.2,0.8,0.8,0.8,0.8,0.7,0.7,0.2,0.2,0.2,0.2,semi-natural grassland,S,200,208,110,30,50,yes,rock,no,10,0,0,unpred
228,2,2009,2,9,10,1,-12,Fonte Velha,0.2,0.2,0.8,0.8,0.8,0.8,0.7,0.7,0.2,0.2,0.2,0.2,semi-natural grassland,S,200,189,64,30,110,no,soil,no,10,0,1,cat
228,3,2009,2,10,11,1,-12,Fonte Velha,0.2,0.2,0.8,0.8,0.8,0.8,0.7,0.7,0.2,0.2,0.2,0.2,semi-natural grassland,S,200,192,30,25,25,no,soil,no,10,0,1,cat
228,4,2009,2,10,11,1,-12,Fonte Velha,0.2,0.2,0.8,0.8,0.8,0.8,0.7,0.7,0.2,0.2,0.2,0.2,semi-natural grassland,S,200,183,103,26,120,yes,soil,no,10,0,1,rat
228,5,2009,2,9,10,1,-12,Fonte Velha,0.2,0.2,0.8,0.8,0.8,0.8,0.7,0.7,0.2,0.2,0.2,0.2,semi-natural grassland,S,200,196,57,20,70,yes,soil,no,50,0,1,cat
228,6,2009,2,21,21,0,-12,Fonte Velha,0.2,0.2,0.8,0.8,0.8,0.8,0.7,0.7,0.2,0.2,0.2,0.2,semi-natural grassland,S,200,209,23,12,180,yes,soil,yes,40,0,0,unpred
228,8,2009,2,21,21,0,-12,Fonte Velha,0.2,0.2,0.8,0.8,0.8,0.8,0.7,0.7,0.2,0.2,0.2,0.2,semi-natural grassland,S,200,173,63,30,130,yes,soil,no,80,0,0,unpred
228,9,2009,2,6,7,1,-12,Fonte Velha,0.2,0.2,0.8,0.8,0.8,0.8,0.7,0.7,0.2,0.2,0.2,0.2,semi-natural grassland,S,200,215,42,42,100,yes,soil,no,80,0,1,cat
228,10,2009,2,3,4,1,-9,Fajã Rochosa,0,0,0.1,0.1,0.1,0.1,0.1,0.1,0.2,0.2,0.2,0.2,coast with rocks,SE,591,31,60,18,120,yes,rock,no,0,0,1,rat
228,11,2009,2,5,6,1,-9,Fajã Rochosa,0,0,0.1,0.1,0.1,0.1,0.1,0.1,0.2,0.2,0.2,0.2,coast with rocks,SE,592,6,30,35,50,no,soil,no,0,0,1,cat
228,11,2009,2,9,10,1,-12,Fonte Velha,0.2,0.2,0.8,0.8,0.8,0.8,0.7,0.7,0.2,0.2,0.2,0.2,semi-natural grassland,S,200,171,46,30,68,yes,soil,no,80,0,1,rat
228,12,2009,2,21,21,0,-12,Fonte Velha,0.2,0.2,0.8,0.8,0.8,0.8,0.7,0.7,0.2,0.2,0.2,0.2,semi-natural grassland,S,200,169,52,17,65,yes,soil,yes,40,0,0,unpred
228,13,2009,1,14,15,1,-3,Fajã Rochosa,0,0,0.1,0.1,0.1,0.1,0.1,0.1,0.2,0.2,0.2,0.2,coast with rocks,SE,598,23,32.5,22,90,yes,rock,no,0,0,1,cat
228,14,2009,2,8,9,1,-12,Fonte Velha,0.2,0.2,0.8,0.8,0.8,0.8,0.7,0.7,0.2,0.2,0.2,0.2,semi-natural grassland,S,200,177,60,17,70,yes,soil,yes,40,0,1,cat
228,15,2009,2,6,7,1,-12,Fonte Velha,0.2,0.2,0.8,0.8,0.8,0.8,0.7,0.7,0.2,0.2,0.2,0.2,semi-natural grassland,S,200,162,23,25,47,no,soil,yes,20,0,1,cat
228,18,2009,2,9,10,1,-4,Fajã Rochosa,0,0,0.1,0.1,0.1,0.1,0.1,0.1,0.2,0.2,0.2,0.2,coast with rocks,SE,600,9,22,32,77,yes,rock,no,0,1,1,cat
228,20,2009,2,9,10,1,-13,Estrada,0.2,0.2,0.2,0.2,0.2,0.2,0.8,0.8,0.2,0.2,0.2,0.2,road,S,170,146,50,60,215,yes,rock,yes,20,0,1,cat
228,20,2009,1,9,10,1,-4,Fajã Rochosa,0,0,0.1,0.1,0.1,0.1,0.1,0.1,0.2,0.2,0.2,0.2,coast with rocks,SE,603,6,67,46,180,yes,rock,no,0,0,1,cat
228,21,2009,2,21,21,0,-12,Fonte Velha,0.2,0.2,1,1,1,1,0.6,0.6,0.8,0.8,0.8,0.8,semi-natural grassland,S,200,227,60,40,150,yes,rock,yes,20,0,0,unpred
228,23,2009,2,11,12,1,-12,Pão de Açúcar,0.2,0.2,0.4,0.4,0.4,0.4,0.4,0.4,0.4,0.4,0.4,0.4,semi-natural grassland,SW,500,177,62,13,97,yes,soil,no,40,0,1,cat
228,29,2009,1,8,9,1,1,Cancela do Pico,0.2,0.2,0.6,0.6,0.6,0.6,0.6,0.6,0.6,0.6,0.6,0.6,grazing land,NE,3800,231,60,10,120,yes,soil,no,80,0,1,cat
228,32,2009,2,21,21,0,-12,Fonte Velha,0.2,0.2,1,1,1,1,0.6,0.6,0.8,0.8,0.8,0.8,semi-natural grassland,S,200,233,28,13,40,yes,soil,no,40,0,0,unpred
228,33,2009,2,21,21,0,-12,Fonte Velha,0.2,0.2,0.8,0.8,0.8,0.8,0.7,0.7,0.2,0.2,0.2,0.2,semi-natural grassland,S,200,157,22,14,50,yes,soil,no,40,0,0,unpred
228,34,2009,2,21,21,0,-12,Fonte Velha,0.2,0.2,0.8,0.8,0.8,0.8,0.7,0.7,0.2,0.2,0.2,0.2,semi-natural grassland,S,200,164,65,16,67,yes,soil,no,40,0,0,unpred
228,38,2009,2,21,21,0,-10,Miradouro do Portal,0.4,0.4,0.4,0.4,0.4,0.4,0.4,0.4,0.4,0.4,0.4,0.4,Arundo donax,S,180,133,24,25,68,no,soil,yes,80,1,0,unpred
228,43,2009,2,2,3,1,-10,Miradouro do Portal,0.4,0.4,0.4,0.4,0.4,0.4,0.4,0.4,0.4,0.4,0.4,0.4,Arundo donax,S,180,138,21,23,65,no,soil,yes,80,0,1,cat
228,46,2009,2,11,12,1,-11,Fonte Velha,0.2,0.2,0.8,0.8,0.8,0.8,0.7,0.7,0.2,0.2,0.2,0.2,semi-natural grassland,S,200,146,20,25,54,no,soil,yes,20,0,1,cat
228,49,2009,2,21,21,0,-12,Pão de Açúcar,0.2,0.2,0.4,0.4,0.4,0.4,0.4,0.4,0.4,0.4,0.4,0.4,semi-natural grassland,SW,500,188,55,14,55,yes,soil,no,80,0,0,unpred
228,50,2009,2,11,12,1,-12,Pão de Açúcar,0.2,0.2,0.4,0.4,0.4,0.4,0.4,0.4,0.4,0.4,0.4,0.4,semi-natural grassland,SW,500,188,36,13,60,yes,soil,no,80,0,1,cat
228,51,2009,2,21,21,0,-12,Pão de Açúcar,0.2,0.2,0.4,0.4,0.4,0.4,0.4,0.4,0.4,0.4,0.4,0.4,semi-natural grassland,SW,500,190,230,15,100,yes,soil,no,60,0,0,unpred
228,65,2011,1,3,4,1,0,Pão de Açúcar,0.3,0.4,0.35,0.35,0.7,0.8,0.1,0.25,0.4,0.3,0.2,0.15,semi-natural grassland,SW,500,163,53,24,78,yes,soil,no,70,0,1,rat
228,72,2009,2,21,21,0,-12,Pão de Açúcar,0.2,0.2,0.4,0.4,0.4,0.4,0.4,0.4,0.4,0.4,0.4,0.4,semi-natural grassland,SW,500,205,93,15,105,yes,soil,no,30,0,0,unpred
228,73,2009,2,21,21,0,-12,Pão de Açúcar,0.2,0.2,0.4,0.4,0.4,0.4,0.4,0.4,0.4,0.4,0.4,0.4,semi-natural grassland,SW,500,206,69,9,80,yes,soil,no,30,1,0,unpred
228,74,2009,2,15,16,0,-12,Pão de Açúcar,0.2,0.2,0.4,0.4,0.4,0.4,0.4,0.4,0.4,0.4,0.4,0.4,semi-natural grassland,SW,500,187,59,13,130,yes,soil,no,40,1,0,unpred
228,75,2009,2,21,21,0,-12,Pão de Açúcar,0.2,0.2,0.4,0.4,0.4,0.4,0.4,0.4,0.4,0.4,0.4,0.4,semi-natural grassland,SW,500,207,23,14,74,yes,soil,no,40,1,0,unpred
228,77,2009,2,21,21,0,-12,Pão de Açúcar,0.2,0.2,0.4,0.4,0.4,0.4,0.4,0.4,0.4,0.4,0.4,0.4,semi-natural grassland,SW,500,207,66,29,94,yes,soil,no,40,0,0,unpred
228,78,2009,2,11,12,1,-12,Pão de Açúcar,0.2,0.2,0.4,0.4,0.4,0.4,0.4,0.4,0.4,0.4,0.4,0.4,semi-natural grassland,SW,500,214,51,42,123,yes,soil,no,40,0,1,cat
228,79,2009,2,21,21,0,-12,Pão de Açúcar,0.2,0.2,0.4,0.4,0.4,0.4,0.4,0.4,0.4,0.4,0.4,0.4,semi-natural grassland,SW,500,211,90,13,75,yes,soil,no,40,0,0,unpred
228,80,2009,2,21,21,0,-9,Fajã Rochosa,0,0,0.1,0.1,0.1,0.1,0.1,0.1,0.2,0.2,0.2,0.2,coast with rocks,SE,590,5,26,75,114,yes,rock,no,0,0,0,unpred
228,81,2009,2,21,21,0,-12,Pão de Açúcar,0.2,0.2,0.4,0.4,0.4,0.4,0.4,0.4,0.4,0.4,0.4,0.4,semi-natural grassland,SW,500,208,59,14,72,yes,soil,no,50,0,0,unpred
228,82,2009,2,9,10,1,-12,Pão de Açúcar,0.2,0.2,0.4,0.4,0.4,0.4,0.4,0.4,0.4,0.4,0.4,0.4,semi-natural grassland,SW,500,222,17,17,45,yes,soil,no,50,0,1,cat
228,83,2009,2,21,21,0,-12,Pão de Açúcar,0.2,0.2,0.4,0.4,0.4,0.4,0.4,0.4,0.4,0.4,0.4,0.4,semi-natural grassland,SW,500,208,29,15,60,yes,soil,no,80,0,0,unpred
228,84,2009,2,9,10,1,-12,Pão de Açúcar,0.2,0.2,0.4,0.4,0.4,0.4,0.4,0.4,0.4,0.4,0.4,0.4,semi-natural grassland,SW,500,206,34,33,76,yes,soil,no,80,0,1,cat
228,85,2009,2,7,8,1,-12,Pão de Açúcar,0.2,0.2,0.4,0.4,0.4,0.4,0.4,0.4,0.4,0.4,0.4,0.4,semi-natural grassland,SW,500,217,46,37,88,yes,soil,no,50,0,1,cat
228,86,2009,2,7,8,1,-12,Pão de Açúcar,0.2,0.2,0.4,0.4,0.4,0.4,0.4,0.4,0.4,0.4,0.4,0.4,semi-natural grassland,SW,500,207,70,14,60,yes,soil,no,40,0,1,cat
228,87,2009,2,21,21,0,-12,Pão de Açúcar,0.2,0.2,0.4,0.4,0.4,0.4,0.4,0.4,0.4,0.4,0.4,0.4,semi-natural grassland,SW,500,203,28,24,84,yes,rock,no,40,0,0,unpred
228,88,2009,2,21,21,0,-12,Pão de Açúcar,0.2,0.2,0.4,0.4,0.4,0.4,0.4,0.4,0.4,0.4,0.4,0.4,semi-natural grassland,SW,500,200,56,115,47,yes,rock,no,40,0,0,unpred
228,89,2009,2,10,11,1,-12,Pão de Açúcar,0.2,0.2,0.4,0.4,0.4,0.4,0.4,0.4,0.4,0.4,0.4,0.4,semi-natural grassland,SW,500,197,60,16,56,no,soil,no,60,0,1,cat
228,92,2009,2,21,21,0,-12,Pão de Açúcar,0.2,0.2,0.4,0.4,0.4,0.4,0.4,0.4,0.4,0.4,0.4,0.4,semi-natural grassland,SW,500,197,34,23,49,yes,soil,no,70,0,0,unpred
228,93,2009,2,8,9,1,-12,Pão de Açúcar,0.2,0.2,0.4,0.4,0.4,0.4,0.4,0.4,0.4,0.4,0.4,0.4,semi-natural grassland,SW,500,196,50,19,86,yes,soil,no,70,0,1,cat
228,94,2009,2,8,9,1,-12,Pão de Açúcar,0.2,0.2,0.4,0.4,0.4,0.4,0.4,0.4,0.4,0.4,0.4,0.4,semi-natural grassland,SW,500,187,56,16,84,yes,soil,no,80,0,1,cat
228,95,2009,2,11,12,1,-7,Cancela do Pico,0.2,0.2,0.6,0.6,0.6,0.6,0.6,0.6,0.6,0.6,0.6,0.6,grazing land,NE,3800,234,130,120,140,yes,soil,no,40,0,1,cat
228,97,2009,2,10,11,1,-7,Cancela do Pico,0.2,0.2,0.6,0.6,0.6,0.6,0.6,0.6,0.6,0.6,0.6,0.6,grazing land,NE,3800,244,37,27,1,yes,soil,no,80,0,1,cat
228,98,2009,2,10,11,1,-7,Cancela do Pico,0.2,0.2,0.6,0.6,0.6,0.6,0.6,0.6,0.6,0.6,0.6,0.6,grazing land,NE,3800,234,33,23,50,yes,soil,yes,100,0,1,cat
228,99,2009,2,21,21,0,-7,Cancela do Pico,0.2,0.2,0.6,0.6,0.6,0.6,0.6,0.6,0.6,0.6,0.6,0.6,grazing land,NE,3800,243,24,20,90,yes,soil,yes,40,1,0,unpred
228,100,2009,2,21,21,0,-7,Cancela do Pico,0.2,0.2,0.6,0.6,0.6,0.6,0.6,0.6,0.6,0.6,0.6,0.6,grazing land,NE,3800,244,21,30,46,yes,rock,no,40,1,0,unpred
228,102,2009,2,21,21,0,-10,Miradouro do Portal,0.4,0.4,0.4,0.4,0.4,0.4,0.4,0.4,0.4,0.4,0.4,0.4,Arundo donax,S,180,136,57,28,53,yes,soil,yes,80,0,0,unpred
228,103,2009,2,9,10,1,-10,Miradouro do Portal,0.4,0.4,0.4,0.4,0.4,0.4,0.4,0.4,0.4,0.4,0.4,0.4,Arundo donax,S,180,128,62,31,58,yes,soil,yes,80,0,1,cat
228,104,2009,2,21,21,0,-10,Miradouro do Portal,0.4,0.4,0.4,0.4,0.4,0.4,0.4,0.4,0.4,0.4,0.4,0.4,Arundo donax,S,180,133,60,29,67,yes,soil,yes,80,1,0,unpred
228,105,2009,2,21,21,0,-10,Miradouro do Portal,0.4,0.4,0.4,0.4,0.4,0.4,0.4,0.4,0.4,0.4,0.4,0.4,Arundo donax,S,131,176,25,14,40,yes,rock,yes,80,1,0,unpred
228,106,2009,2,21,21,0,-10,Miradouro do Portal,0.4,0.4,0.4,0.4,0.4,0.4,0.4,0.4,0.4,0.4,0.4,0.4,Arundo donax,S,180,128,112,21,180,yes,rock,yes,20,0,0,unpred
228,107,2009,2,2,3,1,-10,Miradouro do Portal,0.4,0.4,0.4,0.4,0.4,0.4,0.4,0.4,0.4,0.4,0.4,0.4,Arundo donax,S,180,85,46,53,41,yes,rock,yes,80,0,1,cat
228,108,2009,2,10,11,1,-10,Miradouro do Portal,0.4,0.4,0.4,0.4,0.4,0.4,0.4,0.4,0.4,0.4,0.4,0.4,Arundo donax,S,180,124,71,28,75,yes,rock,yes,80,0,1,cat
228,110,2009,2,13,14,1,-9,Fajã Rochosa,0,0,0.1,0.1,0.1,0.1,0.1,0.1,0.2,0.2,0.2,0.2,coast with rocks,SE,593,11.5,76.5,69,121,yes,rock,yes,0,0,0,unpred
228,110,2009,2,21,21,0,-10,Miradouro do Portal,0.4,0.4,0.4,0.4,0.4,0.4,0.4,0.4,0.4,0.4,0.4,0.4,Arundo donax,S,180,115,71,65,180,yes,rock,yes,10,0,0,unpred
228,111,2009,2,21,21,0,-10,Miradouro do Portal,0.4,0.4,0.4,0.4,0.4,0.4,0.4,0.4,0.4,0.4,0.4,0.4,Arundo donax,S,180,112,32,26,78,yes,soil,yes,0,1,0,unpred
228,112,2009,2,21,21,0,-10,Miradouro do Portal,0.4,0.4,0.4,0.4,0.4,0.4,0.4,0.4,0.4,0.4,0.4,0.4,Arundo donax,S,180,116,93,44,2,yes,rock,yes,10,1,0,unpred
228,113,2009,2,21,21,0,-10,Miradouro do Portal,0.4,0.4,0.4,0.4,0.4,0.4,0.4,0.4,0.4,0.4,0.4,0.4,Arundo donax,S,180,129,35,13,55,no,soil,no,80,0,0,unpred
228,115,2009,2,12,13,1,-10,Miradouro do Portal,0.4,0.4,0.4,0.4,0.4,0.4,0.4,0.4,0.4,0.4,0.4,0.4,Arundo donax,S,180,136,48,23,90,no,soil,no,60,1,1,cat
228,116,2009,2,21,21,0,-10,Miradouro do Portal,0.4,0.4,0.4,0.4,0.4,0.4,0.4,0.4,0.4,0.4,0.4,0.4,Arundo donax,S,180,138,46,93,116,yes,soil,no,70,1,0,unpred
228,117,2009,2,3,4,1,-10,Miradouro do Portal,0.4,0.4,0.4,0.4,0.4,0.4,0.4,0.4,0.4,0.4,0.4,0.4,Arundo donax,S,180,131,26,20,39,yes,rock,yes,100,1,1,rat
228,119,2009,2,2,3,1,-10,Miradouro do Portal,0.4,0.4,0.4,0.4,0.4,0.4,0.4,0.4,0.4,0.4,0.4,0.4,Arundo donax,S,180,139,29,33,40,yes,rock,no,80,0,1,cat
228,120,2009,2,21,21,0,-10,Miradouro do Portal,0.4,0.4,0.4,0.4,0.4,0.4,0.4,0.4,0.4,0.4,0.4,0.4,Arundo donax,S,180,141,68,27,86,yes,soil,no,60,0,0,unpred
228,122,2009,2,10,11,0,-10,Miradouro do Portal,0.4,0.4,0.4,0.4,0.4,0.4,0.4,0.4,0.4,0.4,0.4,0.4,Arundo donax,S,180,128,38,13,54,yes,soil,no,20,0,0,unpred
228,123,2009,2,21,21,1,-10,Miradouro do Portal,0.4,0.4,0.4,0.4,0.4,0.4,0.4,0.4,0.4,0.4,0.4,0.4,Arundo donax,S,180,128,35,24,40,yes,soil,no,20,0,0,unpred
228,124,2009,2,21,21,0,-10,Miradouro do Portal,0.4,0.4,0.4,0.4,0.4,0.4,0.4,0.4,0.4,0.4,0.4,0.4,Arundo donax,S,180,129,49,14,50,yes,soil,no,60,0,0,unpred
228,125,2009,2,21,21,0,-13,Estrada,0.2,0.2,0.2,0.2,0.2,0.2,0.8,0.8,0.2,0.2,0.2,0.2,road,S,170,132,29,21,35,yes,rock,yes,40,0,1,cat
228,125,2009,2,9,10,1,-9,Fajã Rochosa,0,0,0.1,0.1,0.1,0.1,0.1,0.1,0.2,0.2,0.2,0.2,coast with rocks,SE,595,24,116,20,69,yes,rock,no,0,0,0,unpred
228,126,2009,2,21,21,0,-13,Estrada,0.2,0.2,0.2,0.2,0.2,0.2,0.8,0.8,0.2,0.2,0.2,0.2,road,S,170,130,36,24,38,yes,rock,yes,40,0,0,unpred
228,128,2009,2,2,3,1,-12,Estrada,0.2,0.2,0.2,0.2,0.2,0.2,0.8,0.8,0.2,0.2,0.2,0.2,road,S,170,87,26,25,29,yes,rock,yes,40,0,1,cat
228,129,2009,3,21,21,0,-14,Pico João de Moura,0.2,0.2,0.4,0.4,0.4,0.4,0.4,0.4,0.2,0.2,0.2,0.2,riverbank with trees,NE,3700,170,28,36,59,yes,soil,no,30,0,0,unpred
228,132,2009,2,11,12,1,-7,Pico João de Moura,0.2,0.2,0.4,0.4,0.4,0.4,0.4,0.4,0.2,0.2,0.2,0.2,riverbank with trees,NE,3700,174,76,23,93,yes,soil,no,30,1,1,cat
228,133,2009,3,21,21,0,-14,Pico João de Moura,0.2,0.2,0.4,0.4,0.4,0.4,0.4,0.4,0.2,0.2,0.2,0.2,riverbank with trees,NE,3700,181,110,26,120,yes,soil,no,30,0,0,unpred
228,134,2009,2,2,3,1,-7,Pico João de Moura,0.2,0.2,0.4,0.4,0.4,0.4,0.4,0.4,0.2,0.2,0.2,0.2,riverbank with trees,NE,3700,175,23,14,120,no,soil,no,30,0,1,cat
228,135,2009,3,5,6,1,-14,Pico João de Moura,0.2,0.2,0.4,0.4,0.4,0.4,0.4,0.4,0.2,0.2,0.2,0.2,riverbank with trees,NE,3700,176,109,45,145,yes,soil,no,20,0,1,rat
228,136,2009,3,21,21,0,-14,Pico João de Moura,0.2,0.2,0.4,0.4,0.4,0.4,0.4,0.4,0.2,0.2,0.2,0.2,riverbank with trees,NE,3700,186,56,29,72,yes,soil,no,20,0,0,unpred
228,138,2009,2,9,10,1,-7,Pico João de Moura,0.2,0.2,0.4,0.4,0.4,0.4,0.4,0.4,0.2,0.2,0.2,0.2,riverbank with trees,NE,3700,166,35,22,68,yes,soil,yes,80,0,1,cat
228,140,2009,2,9,10,1,-7,Pico João de Moura,0.2,0.2,0.4,0.4,0.4,0.4,0.4,0.4,0.2,0.2,0.2,0.2,riverbank with trees,NE,3700,175,52,36,100,yes,soil,no,70,0,1,cat
228,141,2009,3,10,11,1,-14,Pico João de Moura,0.2,0.2,0.4,0.4,0.4,0.4,0.4,0.4,0.2,0.2,0.2,0.2,riverbank with trees,NE,3700,179,18,19,100,yes,soil,no,60,0,1,cat
228,142,2009,3,9,10,1,-7,Pico João de Moura,0.2,0.2,0.4,0.4,0.4,0.4,0.4,0.4,0.2,0.2,0.2,0.2,riverbank with trees,NE,3700,185,46,21,46,yes,soil,yes,100,0,1,cat
228,143,2009,2,21,21,0,-7,Pico João de Moura,0.2,0.2,0.4,0.4,0.4,0.4,0.4,0.4,0.2,0.2,0.2,0.2,riverbank with trees,NE,3700,188,50,24,120,yes,soil,yes,50,0,0,unpred
228,144,2009,2,7,8,1,-14,Pico João de Moura,0.2,0.2,0.4,0.4,0.4,0.4,0.4,0.4,0.2,0.2,0.2,0.2,riverbank with trees,NE,3700,180,17,11,10,no,soil,yes,80,0,1,cat
228,145,2009,2,7,8,1,-7,Pico João de Moura,0.2,0.2,0.4,0.4,0.4,0.4,0.4,0.4,0.2,0.2,0.2,0.2,riverbank with trees,NE,3700,175,97,28,95,yes,soil,no,100,0,1,cat
228,153,2009,2,21,21,0,-12,Fonte Velha,0.2,0.2,0.8,0.8,0.8,0.8,0.7,0.7,0.2,0.2,0.2,0.2,semi-natural grassland,S,200,175,97,28,95,yes,soil,no,40,0,0,unpred
228,154,2009,2,21,21,0,-12,Fonte Velha,0.2,0.2,0.8,0.8,0.8,0.8,0.7,0.7,0.2,0.2,0.2,0.2,semi-natural grassland,S,200,177,38,19,100,yes,soil,yes,40,0,0,unpred
228,155,2009,2,11,12,1,-12,Fonte Velha,0.2,0.2,0.8,0.8,0.8,0.8,0.7,0.7,0.2,0.2,0.2,0.2,semi-natural grassland,S,200,188,120,71,184,yes,soil,no,40,1,1,cat
228,171,2009,2,7,8,1,-9,Fajã Rochosa,0,0,0.1,0.1,0.1,0.1,0.1,0.1,0.2,0.2,0.2,0.2,coast with rocks,SE,590,9,51,14,86,yes,soil,no,0,0,1,cat
228,176,2009,2,9,10,1,-9,Fajã Rochosa,0,0,0.1,0.1,0.1,0.1,0.1,0.1,0.2,0.2,0.2,0.2,coast with rocks,SE,590,16,51,37,100,yes,rock,no,0,1,1,cat
228,192,2009,2,21,21,0,-12,Fonte Velha,0.2,0.2,1,1,1,1,0.6,0.6,0.8,0.8,0.8,0.8,semi-natural grassland,S,200,246,34,18,37,yes,soil,no,40,0,0,unpred
228,193,2009,2,8,9,1,-11,Fonte Velha,0.2,0.2,1,1,1,1,0.6,0.6,0.8,0.8,0.8,0.8,semi-natural grassland,S,200,194,29,48,100,yes,soil,no,40,0,1,cat
228,194,2009,2,2,3,1,-12,Fonte Velha,0.2,0.2,0.8,0.8,0.8,0.8,0.7,0.7,0.2,0.2,0.2,0.2,semi-natural grassland,S,200,150,36,29,58,yes,soil,no,40,0,1,cat
228,199,2009,2,21,21,0,-12,Pão de Açúcar,0.2,0.2,0.4,0.4,0.4,0.4,0.4,0.4,0.4,0.4,0.4,0.4,semi-natural grassland,SW,500,223,43,24,85,no,soil,yes,50,0,0,unpred
228,203,2009,3,11,12,1,-14,Pico João de Moura,0.2,0.2,0.4,0.4,0.4,0.4,0.4,0.4,0.2,0.2,0.2,0.2,riverbank with trees,NE,3700,165,62,31,100,yes,soil,yes,30,0,0,unpred
228,204,2009,2,11,12,1,-7,Pico João de Moura,0.2,0.2,0.4,0.4,0.4,0.4,0.4,0.4,0.2,0.2,0.2,0.2,riverbank with trees,NE,3701,170,62,31,100,yes,soil,yes,30,0,1,cat
228,205,2009,2,21,21,0,-7,Pico João de Moura,0.2,0.2,0.4,0.4,0.4,0.4,0.4,0.4,0.2,0.2,0.2,0.2,riverbank with trees,NE,3703,178,71,20,60,yes,soil,yes,30,0,0,unpred
228,206,2009,1,21,21,0,-1,Pico João de Moura,0.2,0.2,0.4,0.4,0.4,0.4,0.4,0.4,0.2,0.2,0.2,0.2,riverbank with trees,NE,3704,186,78,17,57,yes,soil,yes,30,0,0,unpred
228,207,2009,3,9,11,1,-14,Pico João de Moura,0.2,0.2,0.4,0.4,0.4,0.4,0.4,0.4,0.2,0.2,0.2,0.2,riverbank with trees,NE,3707,173,50,18,60,yes,soil,yes,60,0,1,rat
228,208,2009,2,9,11,1,-7,Pico João de Moura,0.2,0.2,0.4,0.4,0.4,0.4,0.4,0.4,0.2,0.2,0.2,0.2,riverbank with trees,NE,3710,183,31,21,95,yes,soil,yes,20,0,1,cat
228,209,2009,2,21,21,0,-10,Miradouro do Portal,0.4,0.4,0.4,0.4,0.4,0.4,0.4,0.4,0.4,0.4,0.4,0.4,Arundo donax,S,180,127,35,39,100,no,soil,no,50,0,0,unpred
228,211,2009,2,21,21,0,-10,Miradouro do Portal,0.4,0.4,0.4,0.4,0.4,0.4,0.4,0.4,0.4,0.4,0.4,0.4,Arundo donax,S,180,126,59,15,60,yes,rock,no,60,0,0,unpred
228,212,2009,1,10,11,1,-4,Fajã Rochosa,0,0,0.1,0.1,0.1,0.1,0.1,0.1,0.2,0.2,0.2,0.2,coast with rocks,SE,590,11,24,30,48,yes,rock,no,0,0,1,rat
228,213,2009,2,9,10,1,-9,Fajã Rochosa,0,0,0.1,0.1,0.1,0.1,0.1,0.1,0.2,0.2,0.2,0.2,coast with rocks,SE,590,11,31,36,41,yes,rock,no,0,0,1,cat
228,214,2009,1,12,13,1,-4,Fajã Rochosa,0,0,0.1,0.1,0.1,0.1,0.1,0.1,0.2,0.2,0.2,0.2,coast with rocks,SE,590,18,26,29,36,no,soil,no,0,0,1,cat
228,215,2009,2,14,15,1,-9,Fajã Rochosa,0,0,0.1,0.1,0.1,0.1,0.1,0.1,0.2,0.2,0.2,0.2,coast with rocks,SE,590,9,13.5,17,115,yes,rock,no,0,0,1,cat
228,218,2009,2,11,12,1,-12,Fonte Velha,0.2,0.2,0.8,0.8,0.8,0.8,0.7,0.7,0.2,0.2,0.2,0.2,semi-natural grassland,S,200,176,37,77,90,yes,rock,yes,40,0,1,cat
228,219,2009,2,21,21,0,-12,Fonte Velha,0.2,0.2,0.8,0.8,0.8,0.8,0.7,0.7,0.2,0.2,0.2,0.2,semi-natural grassland,S,200,145,35,15,100,yes,soil,no,40,1,0,unpred
228,220,2009,2,21,21,0,-7,Pico João de Moura,0.2,0.2,0.4,0.4,0.4,0.4,0.4,0.4,0.2,0.2,0.2,0.2,riverbank with trees,NE,3700,175,37,30,65,yes,soil,no,70,0,0,unpred
228,221,2009,2,9,10,1,-7,Pico João de Moura,0.2,0.2,0.4,0.4,0.4,0.4,0.4,0.4,0.2,0.2,0.2,0.2,riverbank with trees,NE,3703,200,156,43,100,yes,soil,no,30,0,1,cat
228,222,2009,2,10,11,1,-7,Pico João de Moura,0.2,0.2,0.4,0.4,0.4,0.4,0.4,0.4,0.2,0.2,0.2,0.2,riverbank with trees,NE,3704,200,156,43,100,yes,rock,no,30,0,1,cat
228,223,2009,2,10,11,1,-7,Pico João de Moura,0.2,0.2,0.4,0.4,0.4,0.4,0.4,0.4,0.2,0.2,0.2,0.2,riverbank with trees,NE,3707,173,180,80,114,yes,rock,no,30,0,1,cat
228,801,2009,2,8,9,1,-9,Fajã Rochosa,0,0,0.1,0.1,0.1,0.1,0.1,0.1,0.2,0.2,0.2,0.2,coast with rocks,SE,590,9,35,103,115,yes,rock,no,0,0,1,cat
228,802,2009,2,9,10,1,-9,Fajã Rochosa,0,0,0.1,0.1,0.1,0.1,0.1,0.1,0.2,0.2,0.2,0.2,coast with rocks,SE,590,12,73,47,136,yes,rock,no,0,0,1,cat
228,803,2009,2,9,10,1,-9,Fajã Rochosa,0,0,0.1,0.1,0.1,0.1,0.1,0.1,0.2,0.2,0.2,0.2,coast with rocks,SE,590,1,21,34,36,yes,rock,no,0,0,1,cat
228,804,2009,1,21,21,0,-4,Fajã Rochosa,0,0,0.1,0.1,0.1,0.1,0.1,0.1,0.2,0.2,0.2,0.2,coast with rocks,SE,590,10,41.5,12,42,yes,rock,no,0,0,0,unpred
228,805,2009,2,21,21,0,-9,Fajã Rochosa,0,0,0.1,0.1,0.1,0.1,0.1,0.1,0.2,0.2,0.2,0.2,coast with rocks,SE,590,32,26.5,24,43,yes,rock,no,0,0,0,unpred
228,806,2009,2,2,3,1,-9,Fajã Rochosa,0,0,0.1,0.1,0.1,0.1,0.1,0.1,0.2,0.2,0.2,0.2,coast with rocks,SE,590,32,120,90,80,yes,rock,no,0,0,1,cat
228,807,2009,2,2,3,1,-9,Fajã Rochosa,0,0,0.1,0.1,0.1,0.1,0.1,0.1,0.2,0.2,0.2,0.2,coast with rocks,SE,590,7,27,89,79,yes,rock,no,0,0,1,cat
228,808,2009,1,9,10,1,-4,Fajã Rochosa,0,0,0.1,0.1,0.1,0.1,0.1,0.1,0.2,0.2,0.2,0.2,coast with rocks,SE,590,12,42,38,124,yes,rock,no,0,0,1,rat
228,809,2009,2,9,10,1,-9,Fajã Rochosa,0,0,0.1,0.1,0.1,0.1,0.1,0.1,0.2,0.2,0.2,0.2,coast with rocks,SE,590,6,30,35,140,yes,rock,no,0,0,1,cat
228,811,2009,1,9,10,1,-4,Fajã Rochosa,0,0,0.1,0.1,0.1,0.1,0.1,0.1,0.2,0.2,0.2,0.2,coast with rocks,SE,590,5,26,36,140,yes,rock,no,0,0,1,cat
228,812,2009,2,10,11,1,-9,Fajã Rochosa,0,0,0.1,0.1,0.1,0.1,0.1,0.1,0.2,0.2,0.2,0.2,coast with rocks,SE,590,5,26,30,89,yes,rock,no,0,0,1,cat
228,815,2009,2,2,3,1,-9,Fajã Rochosa,0,0,0.1,0.1,0.1,0.1,0.1,0.1,0.2,0.2,0.2,0.2,coast with rocks,SE,590,1,28,35,29,yes,rock,no,0,0,1,cat
228,816,2009,1,9,10,1,-4,Fajã Rochosa,0,0,0.1,0.1,0.1,0.1,0.1,0.1,0.2,0.2,0.2,0.2,coast with rocks,SE,590,1,24,26,39,yes,rock,no,0,0,1,cat
228,817,2009,2,11,12,1,-8,Fajã Rochosa,0,0,0.1,0.1,0.1,0.1,0.1,0.1,0.2,0.2,0.2,0.2,coast with rocks,SE,590,1,45,44,126,yes,rock,no,0,0,1,cat
228,818,2009,2,9,10,1,-9,Fajã Rochosa,0,0,0.1,0.1,0.1,0.1,0.1,0.1,0.2,0.2,0.2,0.2,coast with rocks,SE,590,6,30,89,76,yes,rock,no,0,0,1,cat
228,819,2009,1,21,21,0,-4,Fajã Rochosa,0,0,0.1,0.1,0.1,0.1,0.1,0.1,0.2,0.2,0.2,0.2,coast with rocks,SE,590,5,48,27,46,yes,rock,no,0,0,0,unpred
228,820,2009,1,9,10,1,-4,Fajã Rochosa,0,0,0.1,0.1,0.1,0.1,0.1,0.1,0.2,0.2,0.2,0.2,coast with rocks,SE,590,0,23,25,31,yes,rock,no,0,0,1,cat
228,821,2009,2,13,14,1,-9,Fajã Rochosa,0,0,0.1,0.1,0.1,0.1,0.1,0.1,0.2,0.2,0.2,0.2,coast with rocks,SE,590,5,88,71,121,yes,rock,no,0,0,1,cat
228,822,2009,2,8,9,1,-4,Fajã Rochosa,0,0,0.1,0.1,0.1,0.1,0.1,0.1,0.2,0.2,0.2,0.2,coast with rocks,SE,590,5,23,29,40,yes,rock,no,0,0,1,cat
228,823,2009,2,12,13,1,-9,Fajã Rochosa,0,0,0.1,0.1,0.1,0.1,0.1,0.1,0.2,0.2,0.2,0.2,coast with rocks,SE,590,5,130,90,80,yes,rock,no,0,0,1,cat
228,824,2009,1,21,21,0,-4,Fajã Rochosa,0,0,0.1,0.1,0.1,0.1,0.1,0.1,0.2,0.2,0.2,0.2,coast with rocks,SE,590,9,85,34,134,yes,rock,no,0,0,0,unpred
228,825,2009,2,21,21,0,-9,Fajã Rochosa,0,0,0.1,0.1,0.1,0.1,0.1,0.1,0.2,0.2,0.2,0.2,coast with rocks,SE,590,5,80,11,140,yes,rock,no,0,0,0,unpred
228,826,2009,1,9,10,1,-4,Fajã Rochosa,0,0,0.1,0.1,0.1,0.1,0.1,0.1,0.2,0.2,0.2,0.2,coast with rocks,SE,590,9,32,25,48,yes,rock,no,0,0,1,cat
228,827,2009,2,9,10,1,-9,Fajã Rochosa,0,0,0.1,0.1,0.1,0.1,0.1,0.1,0.2,0.2,0.2,0.2,coast with rocks,SE,590,5,55.5,64,105,yes,rock,no,0,0,1,cat
228,828,2009,1,2,3,1,-4,Fajã Rochosa,0,0,0.1,0.1,0.1,0.1,0.1,0.1,0.2,0.2,0.2,0.2,coast with rocks,SE,590,18,36,26,50,yes,rock,no,0,0,1,cat
228,829,2009,1,9,10,1,-4,Fajã Rochosa,0,0,0.1,0.1,0.1,0.1,0.1,0.1,0.2,0.2,0.2,0.2,coast with rocks,SE,590,18,32,56,94.5,yes,rock,no,0,0,1,cat
228,830,2009,2,21,21,0,-9,Fajã Rochosa,0,0,0.1,0.1,0.1,0.1,0.1,0.1,0.2,0.2,0.2,0.2,coast with rocks,SE,590,18,20,12.5,48,yes,rock,no,0,0,0,unpred
228,831,2009,2,8,9,1,-9,Fajã Rochosa,0,0,0.1,0.1,0.1,0.1,0.1,0.1,0.2,0.2,0.2,0.2,coast with rocks,SE,590,17,60,32,30,yes,rock,no,0,0,1,cat
228,10a),2009,2,21,21,0,-12,Fonte Velha,0.2,0.2,0.8,0.8,0.8,0.8,0.7,0.7,0.2,0.2,0.2,0.2,semi-natural grassland,S,200,165,66,37,165,yes,soil,no,80,0,0,unpred
228,10b),2009,2,11,12,1,-12,Fonte Velha,0.2,0.2,0.8,0.8,0.8,0.8,0.7,0.7,0.2,0.2,0.2,0.2,semi-natural grassland,S,200,165,49,35,47,no,soil,no,80,0,0,unpred
228,114a),2009,2,14,15,1,-10,Miradouro do Portal,0.4,0.4,0.4,0.4,0.4,0.4,0.4,0.4,0.4,0.4,0.4,0.4,Arundo donax,S,180,123,36,25,23,no,soil,no,40,1,1,cat
228,114b),2009,2,21,21,0,-10,Miradouro do Portal,0.4,0.4,0.4,0.4,0.4,0.4,0.4,0.4,0.4,0.4,0.4,0.4,Arundo donax,S,180,123,30,27,54,no,soil,no,40,1,0,unpred
228,114c),2009,2,9,10,1,-9,Miradouro do Portal,0.4,0.4,0.4,0.4,0.4,0.4,0.4,0.4,0.4,0.4,0.4,0.4,Arundo donax,S,180,123,29,24,58,no,soil,no,40,1,1,cat
228,124F,2009,2,14,15,1,-9,Fajã Rochosa,0,0,0.1,0.1,0.1,0.1,0.1,0.1,0.2,0.2,0.2,0.2,coast with rocks,SE,590,8,23.5,39,70,yes,rock,no,0,0,1,cat
228,12a),2009,2,11,12,1,-9,Fajã Rochosa,0,0,0.1,0.1,0.1,0.1,0.1,0.1,0.2,0.2,0.2,0.2,coast with rocks,SE,590,5,110.5,36.5,128,yes,rock,no,0,0,1,cat
228,12b),2009,1,21,21,0,-4,Fajã Rochosa,0,0,0.1,0.1,0.1,0.1,0.1,0.1,0.2,0.2,0.2,0.2,coast with rocks,SE,590,5,110.5,36.5,128,yes,rock,no,0,0,0,unpred
228,146a),2009,2,3,4,1,-13,Estrada,0.2,0.2,0.2,0.2,0.2,0.2,0.8,0.8,0.2,0.2,0.2,0.2,road,S,170,153,45,26,47,yes,soil,yes,40,0,1,cat
228,146b),2009,2,21,21,0,-13,Estrada,0.2,0.2,0.2,0.2,0.2,0.2,0.8,0.8,0.2,0.2,0.2,0.2,road,S,170,153,72,56,120,yes,soil,yes,40,0,0,unpred
228,156b),2009,2,10,11,1,-12,Fonte Velha,0.2,0.2,0.8,0.8,0.8,0.8,0.7,0.7,0.2,0.2,0.2,0.2,semi-natural grassland,S,200,190,70,60,130,yes,rock,no,40,1,1,cat
228,156c,2009,2,11,12,1,-12,Fonte Velha,0.2,0.2,0.8,0.8,0.8,0.8,0.7,0.7,0.2,0.2,0.2,0.2,semi-natural grassland,S,200,179,68,58,140,yes,rock,no,40,1,1,cat
228,15F,2009,2,3,4,1,-9,Fajã Rochosa,0,0,0.1,0.1,0.1,0.1,0.1,0.1,0.2,0.2,0.2,0.2,coast with rocks,SE,590,1,30,14,130,yes,rock,no,0,0,1,rat
228,16a,2009,2,7,8,1,-12,Fonte Velha,0.2,0.2,0.8,0.8,0.8,0.8,0.7,0.7,0.2,0.2,0.2,0.2,semi-natural grassland,S,200,173,75,33,142,yes,soil,no,40,1,1,cat
228,16b,2009,2,9,10,1,-12,Fonte Velha,0.2,0.2,0.8,0.8,0.8,0.8,0.7,0.7,0.2,0.2,0.2,0.2,semi-natural grassland,S,200,176,61,41,150,yes,soil,no,40,1,1,cat
228,17a),2009,2,21,21,0,-12,Fonte Velha,0.2,0.2,1,1,1,1,0.6,0.6,0.8,0.8,0.8,0.8,semi-natural grassland,S,200,192,60,52,80,yes,soil,no,40,0,0,unpred
228,17b),2009,2,21,21,0,-12,Fonte Velha,0.2,0.2,1,1,1,1,0.6,0.6,0.8,0.8,0.8,0.8,semi-natural grassland,S,200,192,60,52,80,yes,soil,no,40,0,0,unpred
228,22b,2009,2,9,10,1,-12,Pão de Açúcar,0.2,0.2,0.4,0.4,0.4,0.4,0.4,0.4,0.4,0.4,0.4,0.4,semi-natural grassland,SW,500,187,39,25,68,yes,soil,yes,40,0,1,cat
228,7P,2009,1,11,12,1,-4,Fajã Rochosa,0,0,0.1,0.1,0.1,0.1,0.1,0.1,0.2,0.2,0.2,0.2,coast with rocks,SE,608,5,103,59.6,122.6,yes,rock,no,0,0,1,cat
228,806b),2009,2,9,10,1,-9,Fajã Rochosa,0,0,0.1,0.1,0.1,0.1,0.1,0.1,0.2,0.2,0.2,0.2,coast with rocks,SE,616,32,120,90,80,yes,rock,no,0,0,1,cat
